y_true,y_pred,image
0,0,/Users/a.villa.massone/Code/42/42_Leaffliction/images_augmented/Grape_test/Grape_Black_rot/image (1000).JPG
0,0,/Users/a.villa.massone/Code/42/42_Leaffliction/images_augmented/Grape_test/Grape_Black_rot/image (1001).JPG
0,0,/Users/a.villa.massone/Code/42/42_Leaffliction/images_augmented/Grape_test/Grape_Black_rot/image (1009).JPG
0,0,/Users/a.villa.massone/Code/42/42_Leaffliction/images_augmented/Grape_test/Grape_Black_rot/image (1021).JPG
0,0,/Users/a.villa.massone/Code/42/42_Leaffliction/images_augmented/Grape_test/Grape_Black_rot/image (1027).JPG
0,0,/Users/a.villa.massone/Code/42/42_Leaffliction/images_augmented/Grape_test/Grape_Black_rot/image (1037).JPG
0,1,/Users/a.villa.massone/Code/42/42_Leaffliction/images_augmented/Grape_test/Grape_Black_rot/image (1038).JPG
0,0,/Users/a.villa.massone/Code/42/42_Leaffliction/images_augmented/Grape_test/Grape_Black_rot/image (1039).JPG
0,0,/Users/a.villa.massone/Code/42/42_Leaffliction/images_augmented/Grape_test/Grape_Black_rot/image (1040).JPG
0,0,/Users/a.villa.massone/Code/42/42_Leaffliction/images_augmented/Grape_test/Grape_Black_rot/image (1055).JPG
0,0,/Users/a.villa.massone/Code/42/42_Leaffliction/images_augmented/Grape_test/Grape_Black_rot/image (1057).JPG
0,0,/Users/a.villa.massone/Code/42/42_Leaffliction/images_augmented/Grape_test/Grape_Black_rot/image (1059).JPG
0,0,/Users/a.villa.massone/Code/42/42_Leaffliction/images_augmented/Grape_test/Grape_Black_rot/image (1064).JPG
0,0,/Users/a.villa.massone/Code/42/42_Leaffliction/images_augmented/Grape_test/Grape_Black_rot/image (1074).JPG
0,0,/Users/a.villa.massone/Code/42/42_Leaffliction/images_augmented/Grape_test/Grape_Black_rot/image (1080).JPG
0,0,/Users/a.villa.massone/Code/42/42_Leaffliction/images_augmented/Grape_test/Grape_Black_rot/image (1086).JPG
0,0,/Users/a.villa.massone/Code/42/42_Leaffliction/images_augmented/Grape_test/Grape_Black_rot/image (1089).JPG
0,0,/Users/a.villa.massone/Code/42/42_Leaffliction/images_augmented/Grape_test/Grape_Black_rot/image (1090).JPG
0,0,/Users/a.villa.massone/Code/42/42_Leaffliction/images_augmented/Grape_test/Grape_Black_rot/image (110).JPG
0,0,/Users/a.villa.massone/Code/42/42_Leaffliction/images_augmented/Grape_test/Grape_Black_rot/image (1107).JPG
0,0,/Users/a.villa.massone/Code/42/42_Leaffliction/images_augmented/Grape_test/Grape_Black_rot/image (111).JPG
0,0,/Users/a.villa.massone/Code/42/42_Leaffliction/images_augmented/Grape_test/Grape_Black_rot/image (1113).JPG
0,0,/Users/a.villa.massone/Code/42/42_Leaffliction/images_augmented/Grape_test/Grape_Black_rot/image (1114).JPG
0,3,/Users/a.villa.massone/Code/42/42_Leaffliction/images_augmented/Grape_test/Grape_Black_rot/image (1116).JPG
0,0,/Users/a.villa.massone/Code/42/42_Leaffliction/images_augmented/Grape_test/Grape_Black_rot/image (1118).JPG
0,0,/Users/a.villa.massone/Code/42/42_Leaffliction/images_augmented/Grape_test/Grape_Black_rot/image (1119).JPG
0,0,/Users/a.villa.massone/Code/42/42_Leaffliction/images_augmented/Grape_test/Grape_Black_rot/image (1124).JPG
0,0,/Users/a.villa.massone/Code/42/42_Leaffliction/images_augmented/Grape_test/Grape_Black_rot/image (1130).JPG
0,0,/Users/a.villa.massone/Code/42/42_Leaffliction/images_augmented/Grape_test/Grape_Black_rot/image (1134).JPG
0,0,/Users/a.villa.massone/Code/42/42_Leaffliction/images_augmented/Grape_test/Grape_Black_rot/image (1144).JPG
0,0,/Users/a.villa.massone/Code/42/42_Leaffliction/images_augmented/Grape_test/Grape_Black_rot/image (1146).JPG
0,0,/Users/a.villa.massone/Code/42/42_Leaffliction/images_augmented/Grape_test/Grape_Black_rot/image (1154).JPG
0,3,/Users/a.villa.massone/Code/42/42_Leaffliction/images_augmented/Grape_test/Grape_Black_rot/image (1156).JPG
0,0,/Users/a.villa.massone/Code/42/42_Leaffliction/images_augmented/Grape_test/Grape_Black_rot/image (1161).JPG
0,1,/Users/a.villa.massone/Code/42/42_Leaffliction/images_augmented/Grape_test/Grape_Black_rot/image (1165).JPG
0,0,/Users/a.villa.massone/Code/42/42_Leaffliction/images_augmented/Grape_test/Grape_Black_rot/image (1170).JPG
0,0,/Users/a.villa.massone/Code/42/42_Leaffliction/images_augmented/Grape_test/Grape_Black_rot/image (120).JPG
0,0,/Users/a.villa.massone/Code/42/42_Leaffliction/images_augmented/Grape_test/Grape_Black_rot/image (122).JPG
0,0,/Users/a.villa.massone/Code/42/42_Leaffliction/images_augmented/Grape_test/Grape_Black_rot/image (123).JPG
0,0,/Users/a.villa.massone/Code/42/42_Leaffliction/images_augmented/Grape_test/Grape_Black_rot/image (128).JPG
0,0,/Users/a.villa.massone/Code/42/42_Leaffliction/images_augmented/Grape_test/Grape_Black_rot/image (130).JPG
0,0,/Users/a.villa.massone/Code/42/42_Leaffliction/images_augmented/Grape_test/Grape_Black_rot/image (134).JPG
0,0,/Users/a.villa.massone/Code/42/42_Leaffliction/images_augmented/Grape_test/Grape_Black_rot/image (142).JPG
0,0,/Users/a.villa.massone/Code/42/42_Leaffliction/images_augmented/Grape_test/Grape_Black_rot/image (160).JPG
0,0,/Users/a.villa.massone/Code/42/42_Leaffliction/images_augmented/Grape_test/Grape_Black_rot/image (162).JPG
0,0,/Users/a.villa.massone/Code/42/42_Leaffliction/images_augmented/Grape_test/Grape_Black_rot/image (165).JPG
0,0,/Users/a.villa.massone/Code/42/42_Leaffliction/images_augmented/Grape_test/Grape_Black_rot/image (171).JPG
0,0,/Users/a.villa.massone/Code/42/42_Leaffliction/images_augmented/Grape_test/Grape_Black_rot/image (175).JPG
0,0,/Users/a.villa.massone/Code/42/42_Leaffliction/images_augmented/Grape_test/Grape_Black_rot/image (176).JPG
0,0,/Users/a.villa.massone/Code/42/42_Leaffliction/images_augmented/Grape_test/Grape_Black_rot/image (190).JPG
0,0,/Users/a.villa.massone/Code/42/42_Leaffliction/images_augmented/Grape_test/Grape_Black_rot/image (195).JPG
0,1,/Users/a.villa.massone/Code/42/42_Leaffliction/images_augmented/Grape_test/Grape_Black_rot/image (206).JPG
0,0,/Users/a.villa.massone/Code/42/42_Leaffliction/images_augmented/Grape_test/Grape_Black_rot/image (208).JPG
0,0,/Users/a.villa.massone/Code/42/42_Leaffliction/images_augmented/Grape_test/Grape_Black_rot/image (214).JPG
0,0,/Users/a.villa.massone/Code/42/42_Leaffliction/images_augmented/Grape_test/Grape_Black_rot/image (219).JPG
0,0,/Users/a.villa.massone/Code/42/42_Leaffliction/images_augmented/Grape_test/Grape_Black_rot/image (226).JPG
0,0,/Users/a.villa.massone/Code/42/42_Leaffliction/images_augmented/Grape_test/Grape_Black_rot/image (227).JPG
0,0,/Users/a.villa.massone/Code/42/42_Leaffliction/images_augmented/Grape_test/Grape_Black_rot/image (228).JPG
0,0,/Users/a.villa.massone/Code/42/42_Leaffliction/images_augmented/Grape_test/Grape_Black_rot/image (241).JPG
0,0,/Users/a.villa.massone/Code/42/42_Leaffliction/images_augmented/Grape_test/Grape_Black_rot/image (242).JPG
0,0,/Users/a.villa.massone/Code/42/42_Leaffliction/images_augmented/Grape_test/Grape_Black_rot/image (246).JPG
0,0,/Users/a.villa.massone/Code/42/42_Leaffliction/images_augmented/Grape_test/Grape_Black_rot/image (247).JPG
0,0,/Users/a.villa.massone/Code/42/42_Leaffliction/images_augmented/Grape_test/Grape_Black_rot/image (249).JPG
0,0,/Users/a.villa.massone/Code/42/42_Leaffliction/images_augmented/Grape_test/Grape_Black_rot/image (252).JPG
0,0,/Users/a.villa.massone/Code/42/42_Leaffliction/images_augmented/Grape_test/Grape_Black_rot/image (255).JPG
0,0,/Users/a.villa.massone/Code/42/42_Leaffliction/images_augmented/Grape_test/Grape_Black_rot/image (261).JPG
0,0,/Users/a.villa.massone/Code/42/42_Leaffliction/images_augmented/Grape_test/Grape_Black_rot/image (271).JPG
0,1,/Users/a.villa.massone/Code/42/42_Leaffliction/images_augmented/Grape_test/Grape_Black_rot/image (285).JPG
0,0,/Users/a.villa.massone/Code/42/42_Leaffliction/images_augmented/Grape_test/Grape_Black_rot/image (29).JPG
0,0,/Users/a.villa.massone/Code/42/42_Leaffliction/images_augmented/Grape_test/Grape_Black_rot/image (290).JPG
0,0,/Users/a.villa.massone/Code/42/42_Leaffliction/images_augmented/Grape_test/Grape_Black_rot/image (292).JPG
0,0,/Users/a.villa.massone/Code/42/42_Leaffliction/images_augmented/Grape_test/Grape_Black_rot/image (294).JPG
0,0,/Users/a.villa.massone/Code/42/42_Leaffliction/images_augmented/Grape_test/Grape_Black_rot/image (298).JPG
0,0,/Users/a.villa.massone/Code/42/42_Leaffliction/images_augmented/Grape_test/Grape_Black_rot/image (308).JPG
0,0,/Users/a.villa.massone/Code/42/42_Leaffliction/images_augmented/Grape_test/Grape_Black_rot/image (313).JPG
0,0,/Users/a.villa.massone/Code/42/42_Leaffliction/images_augmented/Grape_test/Grape_Black_rot/image (319).JPG
0,0,/Users/a.villa.massone/Code/42/42_Leaffliction/images_augmented/Grape_test/Grape_Black_rot/image (323).JPG
0,0,/Users/a.villa.massone/Code/42/42_Leaffliction/images_augmented/Grape_test/Grape_Black_rot/image (325).JPG
0,0,/Users/a.villa.massone/Code/42/42_Leaffliction/images_augmented/Grape_test/Grape_Black_rot/image (330).JPG
0,0,/Users/a.villa.massone/Code/42/42_Leaffliction/images_augmented/Grape_test/Grape_Black_rot/image (333).JPG
0,1,/Users/a.villa.massone/Code/42/42_Leaffliction/images_augmented/Grape_test/Grape_Black_rot/image (335).JPG
0,0,/Users/a.villa.massone/Code/42/42_Leaffliction/images_augmented/Grape_test/Grape_Black_rot/image (336).JPG
0,0,/Users/a.villa.massone/Code/42/42_Leaffliction/images_augmented/Grape_test/Grape_Black_rot/image (337).JPG
0,0,/Users/a.villa.massone/Code/42/42_Leaffliction/images_augmented/Grape_test/Grape_Black_rot/image (339).JPG
0,0,/Users/a.villa.massone/Code/42/42_Leaffliction/images_augmented/Grape_test/Grape_Black_rot/image (343).JPG
0,0,/Users/a.villa.massone/Code/42/42_Leaffliction/images_augmented/Grape_test/Grape_Black_rot/image (361).JPG
0,0,/Users/a.villa.massone/Code/42/42_Leaffliction/images_augmented/Grape_test/Grape_Black_rot/image (364).JPG
0,0,/Users/a.villa.massone/Code/42/42_Leaffliction/images_augmented/Grape_test/Grape_Black_rot/image (365).JPG
0,0,/Users/a.villa.massone/Code/42/42_Leaffliction/images_augmented/Grape_test/Grape_Black_rot/image (374).JPG
0,0,/Users/a.villa.massone/Code/42/42_Leaffliction/images_augmented/Grape_test/Grape_Black_rot/image (378).JPG
0,0,/Users/a.villa.massone/Code/42/42_Leaffliction/images_augmented/Grape_test/Grape_Black_rot/image (380).JPG
0,0,/Users/a.villa.massone/Code/42/42_Leaffliction/images_augmented/Grape_test/Grape_Black_rot/image (388).JPG
0,0,/Users/a.villa.massone/Code/42/42_Leaffliction/images_augmented/Grape_test/Grape_Black_rot/image (399).JPG
0,0,/Users/a.villa.massone/Code/42/42_Leaffliction/images_augmented/Grape_test/Grape_Black_rot/image (4).JPG
0,0,/Users/a.villa.massone/Code/42/42_Leaffliction/images_augmented/Grape_test/Grape_Black_rot/image (409).JPG
0,0,/Users/a.villa.massone/Code/42/42_Leaffliction/images_augmented/Grape_test/Grape_Black_rot/image (412).JPG
0,0,/Users/a.villa.massone/Code/42/42_Leaffliction/images_augmented/Grape_test/Grape_Black_rot/image (416).JPG
0,0,/Users/a.villa.massone/Code/42/42_Leaffliction/images_augmented/Grape_test/Grape_Black_rot/image (426).JPG
0,0,/Users/a.villa.massone/Code/42/42_Leaffliction/images_augmented/Grape_test/Grape_Black_rot/image (427).JPG
0,0,/Users/a.villa.massone/Code/42/42_Leaffliction/images_augmented/Grape_test/Grape_Black_rot/image (430).JPG
0,0,/Users/a.villa.massone/Code/42/42_Leaffliction/images_augmented/Grape_test/Grape_Black_rot/image (431).JPG
0,0,/Users/a.villa.massone/Code/42/42_Leaffliction/images_augmented/Grape_test/Grape_Black_rot/image (433).JPG
0,0,/Users/a.villa.massone/Code/42/42_Leaffliction/images_augmented/Grape_test/Grape_Black_rot/image (436).JPG
0,0,/Users/a.villa.massone/Code/42/42_Leaffliction/images_augmented/Grape_test/Grape_Black_rot/image (441).JPG
0,0,/Users/a.villa.massone/Code/42/42_Leaffliction/images_augmented/Grape_test/Grape_Black_rot/image (442).JPG
0,0,/Users/a.villa.massone/Code/42/42_Leaffliction/images_augmented/Grape_test/Grape_Black_rot/image (447).JPG
0,0,/Users/a.villa.massone/Code/42/42_Leaffliction/images_augmented/Grape_test/Grape_Black_rot/image (451).JPG
0,0,/Users/a.villa.massone/Code/42/42_Leaffliction/images_augmented/Grape_test/Grape_Black_rot/image (453).JPG
0,0,/Users/a.villa.massone/Code/42/42_Leaffliction/images_augmented/Grape_test/Grape_Black_rot/image (462).JPG
0,0,/Users/a.villa.massone/Code/42/42_Leaffliction/images_augmented/Grape_test/Grape_Black_rot/image (471).JPG
0,0,/Users/a.villa.massone/Code/42/42_Leaffliction/images_augmented/Grape_test/Grape_Black_rot/image (480).JPG
0,0,/Users/a.villa.massone/Code/42/42_Leaffliction/images_augmented/Grape_test/Grape_Black_rot/image (481).JPG
0,0,/Users/a.villa.massone/Code/42/42_Leaffliction/images_augmented/Grape_test/Grape_Black_rot/image (483).JPG
0,0,/Users/a.villa.massone/Code/42/42_Leaffliction/images_augmented/Grape_test/Grape_Black_rot/image (49).JPG
0,0,/Users/a.villa.massone/Code/42/42_Leaffliction/images_augmented/Grape_test/Grape_Black_rot/image (501).JPG
0,3,/Users/a.villa.massone/Code/42/42_Leaffliction/images_augmented/Grape_test/Grape_Black_rot/image (504).JPG
0,0,/Users/a.villa.massone/Code/42/42_Leaffliction/images_augmented/Grape_test/Grape_Black_rot/image (508).JPG
0,0,/Users/a.villa.massone/Code/42/42_Leaffliction/images_augmented/Grape_test/Grape_Black_rot/image (511).JPG
0,0,/Users/a.villa.massone/Code/42/42_Leaffliction/images_augmented/Grape_test/Grape_Black_rot/image (514).JPG
0,0,/Users/a.villa.massone/Code/42/42_Leaffliction/images_augmented/Grape_test/Grape_Black_rot/image (517).JPG
0,0,/Users/a.villa.massone/Code/42/42_Leaffliction/images_augmented/Grape_test/Grape_Black_rot/image (519).JPG
0,0,/Users/a.villa.massone/Code/42/42_Leaffliction/images_augmented/Grape_test/Grape_Black_rot/image (52).JPG
0,0,/Users/a.villa.massone/Code/42/42_Leaffliction/images_augmented/Grape_test/Grape_Black_rot/image (527).JPG
0,0,/Users/a.villa.massone/Code/42/42_Leaffliction/images_augmented/Grape_test/Grape_Black_rot/image (531).JPG
0,0,/Users/a.villa.massone/Code/42/42_Leaffliction/images_augmented/Grape_test/Grape_Black_rot/image (532).JPG
0,0,/Users/a.villa.massone/Code/42/42_Leaffliction/images_augmented/Grape_test/Grape_Black_rot/image (537).JPG
0,0,/Users/a.villa.massone/Code/42/42_Leaffliction/images_augmented/Grape_test/Grape_Black_rot/image (539).JPG
0,0,/Users/a.villa.massone/Code/42/42_Leaffliction/images_augmented/Grape_test/Grape_Black_rot/image (547).JPG
0,0,/Users/a.villa.massone/Code/42/42_Leaffliction/images_augmented/Grape_test/Grape_Black_rot/image (549).JPG
0,0,/Users/a.villa.massone/Code/42/42_Leaffliction/images_augmented/Grape_test/Grape_Black_rot/image (551).JPG
0,0,/Users/a.villa.massone/Code/42/42_Leaffliction/images_augmented/Grape_test/Grape_Black_rot/image (552).JPG
0,0,/Users/a.villa.massone/Code/42/42_Leaffliction/images_augmented/Grape_test/Grape_Black_rot/image (553).JPG
0,2,/Users/a.villa.massone/Code/42/42_Leaffliction/images_augmented/Grape_test/Grape_Black_rot/image (559).JPG
0,0,/Users/a.villa.massone/Code/42/42_Leaffliction/images_augmented/Grape_test/Grape_Black_rot/image (561).JPG
0,0,/Users/a.villa.massone/Code/42/42_Leaffliction/images_augmented/Grape_test/Grape_Black_rot/image (564).JPG
0,1,/Users/a.villa.massone/Code/42/42_Leaffliction/images_augmented/Grape_test/Grape_Black_rot/image (57).JPG
0,0,/Users/a.villa.massone/Code/42/42_Leaffliction/images_augmented/Grape_test/Grape_Black_rot/image (573).JPG
0,0,/Users/a.villa.massone/Code/42/42_Leaffliction/images_augmented/Grape_test/Grape_Black_rot/image (583).JPG
0,0,/Users/a.villa.massone/Code/42/42_Leaffliction/images_augmented/Grape_test/Grape_Black_rot/image (586).JPG
0,0,/Users/a.villa.massone/Code/42/42_Leaffliction/images_augmented/Grape_test/Grape_Black_rot/image (608).JPG
0,0,/Users/a.villa.massone/Code/42/42_Leaffliction/images_augmented/Grape_test/Grape_Black_rot/image (613).JPG
0,0,/Users/a.villa.massone/Code/42/42_Leaffliction/images_augmented/Grape_test/Grape_Black_rot/image (621).JPG
0,0,/Users/a.villa.massone/Code/42/42_Leaffliction/images_augmented/Grape_test/Grape_Black_rot/image (623).JPG
0,0,/Users/a.villa.massone/Code/42/42_Leaffliction/images_augmented/Grape_test/Grape_Black_rot/image (626).JPG
0,0,/Users/a.villa.massone/Code/42/42_Leaffliction/images_augmented/Grape_test/Grape_Black_rot/image (627).JPG
0,0,/Users/a.villa.massone/Code/42/42_Leaffliction/images_augmented/Grape_test/Grape_Black_rot/image (628).JPG
0,0,/Users/a.villa.massone/Code/42/42_Leaffliction/images_augmented/Grape_test/Grape_Black_rot/image (629).JPG
0,0,/Users/a.villa.massone/Code/42/42_Leaffliction/images_augmented/Grape_test/Grape_Black_rot/image (631).JPG
0,0,/Users/a.villa.massone/Code/42/42_Leaffliction/images_augmented/Grape_test/Grape_Black_rot/image (645).JPG
0,0,/Users/a.villa.massone/Code/42/42_Leaffliction/images_augmented/Grape_test/Grape_Black_rot/image (650).JPG
0,0,/Users/a.villa.massone/Code/42/42_Leaffliction/images_augmented/Grape_test/Grape_Black_rot/image (652).JPG
0,0,/Users/a.villa.massone/Code/42/42_Leaffliction/images_augmented/Grape_test/Grape_Black_rot/image (653).JPG
0,0,/Users/a.villa.massone/Code/42/42_Leaffliction/images_augmented/Grape_test/Grape_Black_rot/image (66).JPG
0,0,/Users/a.villa.massone/Code/42/42_Leaffliction/images_augmented/Grape_test/Grape_Black_rot/image (660).JPG
0,3,/Users/a.villa.massone/Code/42/42_Leaffliction/images_augmented/Grape_test/Grape_Black_rot/image (662).JPG
0,0,/Users/a.villa.massone/Code/42/42_Leaffliction/images_augmented/Grape_test/Grape_Black_rot/image (665).JPG
0,0,/Users/a.villa.massone/Code/42/42_Leaffliction/images_augmented/Grape_test/Grape_Black_rot/image (670).JPG
0,0,/Users/a.villa.massone/Code/42/42_Leaffliction/images_augmented/Grape_test/Grape_Black_rot/image (673).JPG
0,2,/Users/a.villa.massone/Code/42/42_Leaffliction/images_augmented/Grape_test/Grape_Black_rot/image (688).JPG
0,0,/Users/a.villa.massone/Code/42/42_Leaffliction/images_augmented/Grape_test/Grape_Black_rot/image (692).JPG
0,0,/Users/a.villa.massone/Code/42/42_Leaffliction/images_augmented/Grape_test/Grape_Black_rot/image (696).JPG
0,0,/Users/a.villa.massone/Code/42/42_Leaffliction/images_augmented/Grape_test/Grape_Black_rot/image (698).JPG
0,0,/Users/a.villa.massone/Code/42/42_Leaffliction/images_augmented/Grape_test/Grape_Black_rot/image (699).JPG
0,2,/Users/a.villa.massone/Code/42/42_Leaffliction/images_augmented/Grape_test/Grape_Black_rot/image (700).JPG
0,0,/Users/a.villa.massone/Code/42/42_Leaffliction/images_augmented/Grape_test/Grape_Black_rot/image (705).JPG
0,0,/Users/a.villa.massone/Code/42/42_Leaffliction/images_augmented/Grape_test/Grape_Black_rot/image (707).JPG
0,1,/Users/a.villa.massone/Code/42/42_Leaffliction/images_augmented/Grape_test/Grape_Black_rot/image (709).JPG
0,0,/Users/a.villa.massone/Code/42/42_Leaffliction/images_augmented/Grape_test/Grape_Black_rot/image (711).JPG
0,0,/Users/a.villa.massone/Code/42/42_Leaffliction/images_augmented/Grape_test/Grape_Black_rot/image (716).JPG
0,0,/Users/a.villa.massone/Code/42/42_Leaffliction/images_augmented/Grape_test/Grape_Black_rot/image (719).JPG
0,0,/Users/a.villa.massone/Code/42/42_Leaffliction/images_augmented/Grape_test/Grape_Black_rot/image (726).JPG
0,0,/Users/a.villa.massone/Code/42/42_Leaffliction/images_augmented/Grape_test/Grape_Black_rot/image (731).JPG
0,0,/Users/a.villa.massone/Code/42/42_Leaffliction/images_augmented/Grape_test/Grape_Black_rot/image (732).JPG
0,0,/Users/a.villa.massone/Code/42/42_Leaffliction/images_augmented/Grape_test/Grape_Black_rot/image (740).JPG
0,0,/Users/a.villa.massone/Code/42/42_Leaffliction/images_augmented/Grape_test/Grape_Black_rot/image (741).JPG
0,3,/Users/a.villa.massone/Code/42/42_Leaffliction/images_augmented/Grape_test/Grape_Black_rot/image (744).JPG
0,0,/Users/a.villa.massone/Code/42/42_Leaffliction/images_augmented/Grape_test/Grape_Black_rot/image (747).JPG
0,0,/Users/a.villa.massone/Code/42/42_Leaffliction/images_augmented/Grape_test/Grape_Black_rot/image (753).JPG
0,0,/Users/a.villa.massone/Code/42/42_Leaffliction/images_augmented/Grape_test/Grape_Black_rot/image (760).JPG
0,0,/Users/a.villa.massone/Code/42/42_Leaffliction/images_augmented/Grape_test/Grape_Black_rot/image (761).JPG
0,0,/Users/a.villa.massone/Code/42/42_Leaffliction/images_augmented/Grape_test/Grape_Black_rot/image (762).JPG
0,0,/Users/a.villa.massone/Code/42/42_Leaffliction/images_augmented/Grape_test/Grape_Black_rot/image (77).JPG
0,0,/Users/a.villa.massone/Code/42/42_Leaffliction/images_augmented/Grape_test/Grape_Black_rot/image (770).JPG
0,0,/Users/a.villa.massone/Code/42/42_Leaffliction/images_augmented/Grape_test/Grape_Black_rot/image (771).JPG
0,0,/Users/a.villa.massone/Code/42/42_Leaffliction/images_augmented/Grape_test/Grape_Black_rot/image (78).JPG
0,0,/Users/a.villa.massone/Code/42/42_Leaffliction/images_augmented/Grape_test/Grape_Black_rot/image (784).JPG
0,0,/Users/a.villa.massone/Code/42/42_Leaffliction/images_augmented/Grape_test/Grape_Black_rot/image (786).JPG
0,0,/Users/a.villa.massone/Code/42/42_Leaffliction/images_augmented/Grape_test/Grape_Black_rot/image (788).JPG
0,0,/Users/a.villa.massone/Code/42/42_Leaffliction/images_augmented/Grape_test/Grape_Black_rot/image (790).JPG
0,0,/Users/a.villa.massone/Code/42/42_Leaffliction/images_augmented/Grape_test/Grape_Black_rot/image (792).JPG
0,0,/Users/a.villa.massone/Code/42/42_Leaffliction/images_augmented/Grape_test/Grape_Black_rot/image (795).JPG
0,0,/Users/a.villa.massone/Code/42/42_Leaffliction/images_augmented/Grape_test/Grape_Black_rot/image (80).JPG
0,0,/Users/a.villa.massone/Code/42/42_Leaffliction/images_augmented/Grape_test/Grape_Black_rot/image (802).JPG
0,0,/Users/a.villa.massone/Code/42/42_Leaffliction/images_augmented/Grape_test/Grape_Black_rot/image (81).JPG
0,0,/Users/a.villa.massone/Code/42/42_Leaffliction/images_augmented/Grape_test/Grape_Black_rot/image (813).JPG
0,0,/Users/a.villa.massone/Code/42/42_Leaffliction/images_augmented/Grape_test/Grape_Black_rot/image (815).JPG
0,0,/Users/a.villa.massone/Code/42/42_Leaffliction/images_augmented/Grape_test/Grape_Black_rot/image (816).JPG
0,0,/Users/a.villa.massone/Code/42/42_Leaffliction/images_augmented/Grape_test/Grape_Black_rot/image (820).JPG
0,0,/Users/a.villa.massone/Code/42/42_Leaffliction/images_augmented/Grape_test/Grape_Black_rot/image (822).JPG
0,0,/Users/a.villa.massone/Code/42/42_Leaffliction/images_augmented/Grape_test/Grape_Black_rot/image (823).JPG
0,0,/Users/a.villa.massone/Code/42/42_Leaffliction/images_augmented/Grape_test/Grape_Black_rot/image (824).JPG
0,0,/Users/a.villa.massone/Code/42/42_Leaffliction/images_augmented/Grape_test/Grape_Black_rot/image (829).JPG
0,0,/Users/a.villa.massone/Code/42/42_Leaffliction/images_augmented/Grape_test/Grape_Black_rot/image (830).JPG
0,0,/Users/a.villa.massone/Code/42/42_Leaffliction/images_augmented/Grape_test/Grape_Black_rot/image (831).JPG
0,0,/Users/a.villa.massone/Code/42/42_Leaffliction/images_augmented/Grape_test/Grape_Black_rot/image (842).JPG
0,0,/Users/a.villa.massone/Code/42/42_Leaffliction/images_augmented/Grape_test/Grape_Black_rot/image (855).JPG
0,0,/Users/a.villa.massone/Code/42/42_Leaffliction/images_augmented/Grape_test/Grape_Black_rot/image (859).JPG
0,0,/Users/a.villa.massone/Code/42/42_Leaffliction/images_augmented/Grape_test/Grape_Black_rot/image (860).JPG
0,0,/Users/a.villa.massone/Code/42/42_Leaffliction/images_augmented/Grape_test/Grape_Black_rot/image (871).JPG
0,0,/Users/a.villa.massone/Code/42/42_Leaffliction/images_augmented/Grape_test/Grape_Black_rot/image (874).JPG
0,0,/Users/a.villa.massone/Code/42/42_Leaffliction/images_augmented/Grape_test/Grape_Black_rot/image (877).JPG
0,0,/Users/a.villa.massone/Code/42/42_Leaffliction/images_augmented/Grape_test/Grape_Black_rot/image (883).JPG
0,0,/Users/a.villa.massone/Code/42/42_Leaffliction/images_augmented/Grape_test/Grape_Black_rot/image (895).JPG
0,0,/Users/a.villa.massone/Code/42/42_Leaffliction/images_augmented/Grape_test/Grape_Black_rot/image (90).JPG
0,0,/Users/a.villa.massone/Code/42/42_Leaffliction/images_augmented/Grape_test/Grape_Black_rot/image (906).JPG
0,0,/Users/a.villa.massone/Code/42/42_Leaffliction/images_augmented/Grape_test/Grape_Black_rot/image (907).JPG
0,0,/Users/a.villa.massone/Code/42/42_Leaffliction/images_augmented/Grape_test/Grape_Black_rot/image (917).JPG
0,0,/Users/a.villa.massone/Code/42/42_Leaffliction/images_augmented/Grape_test/Grape_Black_rot/image (919).JPG
0,0,/Users/a.villa.massone/Code/42/42_Leaffliction/images_augmented/Grape_test/Grape_Black_rot/image (92).JPG
0,0,/Users/a.villa.massone/Code/42/42_Leaffliction/images_augmented/Grape_test/Grape_Black_rot/image (923).JPG
0,0,/Users/a.villa.massone/Code/42/42_Leaffliction/images_augmented/Grape_test/Grape_Black_rot/image (927).JPG
0,0,/Users/a.villa.massone/Code/42/42_Leaffliction/images_augmented/Grape_test/Grape_Black_rot/image (943).JPG
0,0,/Users/a.villa.massone/Code/42/42_Leaffliction/images_augmented/Grape_test/Grape_Black_rot/image (951).JPG
0,0,/Users/a.villa.massone/Code/42/42_Leaffliction/images_augmented/Grape_test/Grape_Black_rot/image (952).JPG
0,0,/Users/a.villa.massone/Code/42/42_Leaffliction/images_augmented/Grape_test/Grape_Black_rot/image (961).JPG
0,0,/Users/a.villa.massone/Code/42/42_Leaffliction/images_augmented/Grape_test/Grape_Black_rot/image (963).JPG
0,0,/Users/a.villa.massone/Code/42/42_Leaffliction/images_augmented/Grape_test/Grape_Black_rot/image (964).JPG
0,0,/Users/a.villa.massone/Code/42/42_Leaffliction/images_augmented/Grape_test/Grape_Black_rot/image (968).JPG
0,0,/Users/a.villa.massone/Code/42/42_Leaffliction/images_augmented/Grape_test/Grape_Black_rot/image (978).JPG
0,0,/Users/a.villa.massone/Code/42/42_Leaffliction/images_augmented/Grape_test/Grape_Black_rot/image (979).JPG
0,0,/Users/a.villa.massone/Code/42/42_Leaffliction/images_augmented/Grape_test/Grape_Black_rot/image (98).JPG
0,0,/Users/a.villa.massone/Code/42/42_Leaffliction/images_augmented/Grape_test/Grape_Black_rot/image (982).JPG
0,0,/Users/a.villa.massone/Code/42/42_Leaffliction/images_augmented/Grape_test/Grape_Black_rot/image (987).JPG
0,0,/Users/a.villa.massone/Code/42/42_Leaffliction/images_augmented/Grape_test/Grape_Black_rot/image (99).JPG
0,0,/Users/a.villa.massone/Code/42/42_Leaffliction/images_augmented/Grape_test/Grape_Black_rot/image (991).JPG
1,1,/Users/a.villa.massone/Code/42/42_Leaffliction/images_augmented/Grape_test/Grape_Esca/image (1002).JPG
1,1,/Users/a.villa.massone/Code/42/42_Leaffliction/images_augmented/Grape_test/Grape_Esca/image (1019).JPG
1,1,/Users/a.villa.massone/Code/42/42_Leaffliction/images_augmented/Grape_test/Grape_Esca/image (1021).JPG
1,1,/Users/a.villa.massone/Code/42/42_Leaffliction/images_augmented/Grape_test/Grape_Esca/image (1026).JPG
1,1,/Users/a.villa.massone/Code/42/42_Leaffliction/images_augmented/Grape_test/Grape_Esca/image (1027).JPG
1,1,/Users/a.villa.massone/Code/42/42_Leaffliction/images_augmented/Grape_test/Grape_Esca/image (1029).JPG
1,1,/Users/a.villa.massone/Code/42/42_Leaffliction/images_augmented/Grape_test/Grape_Esca/image (1030).JPG
1,1,/Users/a.villa.massone/Code/42/42_Leaffliction/images_augmented/Grape_test/Grape_Esca/image (1034).JPG
1,1,/Users/a.villa.massone/Code/42/42_Leaffliction/images_augmented/Grape_test/Grape_Esca/image (1036).JPG
1,1,/Users/a.villa.massone/Code/42/42_Leaffliction/images_augmented/Grape_test/Grape_Esca/image (1037).JPG
1,1,/Users/a.villa.massone/Code/42/42_Leaffliction/images_augmented/Grape_test/Grape_Esca/image (1039).JPG
1,1,/Users/a.villa.massone/Code/42/42_Leaffliction/images_augmented/Grape_test/Grape_Esca/image (1051).JPG
1,1,/Users/a.villa.massone/Code/42/42_Leaffliction/images_augmented/Grape_test/Grape_Esca/image (1056).JPG
1,1,/Users/a.villa.massone/Code/42/42_Leaffliction/images_augmented/Grape_test/Grape_Esca/image (1060).JPG
1,1,/Users/a.villa.massone/Code/42/42_Leaffliction/images_augmented/Grape_test/Grape_Esca/image (1078).JPG
1,1,/Users/a.villa.massone/Code/42/42_Leaffliction/images_augmented/Grape_test/Grape_Esca/image (1087).JPG
1,1,/Users/a.villa.massone/Code/42/42_Leaffliction/images_augmented/Grape_test/Grape_Esca/image (1094).JPG
1,1,/Users/a.villa.massone/Code/42/42_Leaffliction/images_augmented/Grape_test/Grape_Esca/image (1097).JPG
1,1,/Users/a.villa.massone/Code/42/42_Leaffliction/images_augmented/Grape_test/Grape_Esca/image (110).JPG
1,1,/Users/a.villa.massone/Code/42/42_Leaffliction/images_augmented/Grape_test/Grape_Esca/image (1105).JPG
1,1,/Users/a.villa.massone/Code/42/42_Leaffliction/images_augmented/Grape_test/Grape_Esca/image (1107).JPG
1,1,/Users/a.villa.massone/Code/42/42_Leaffliction/images_augmented/Grape_test/Grape_Esca/image (1111).JPG
1,1,/Users/a.villa.massone/Code/42/42_Leaffliction/images_augmented/Grape_test/Grape_Esca/image (1119).JPG
1,1,/Users/a.villa.massone/Code/42/42_Leaffliction/images_augmented/Grape_test/Grape_Esca/image (112).JPG
1,1,/Users/a.villa.massone/Code/42/42_Leaffliction/images_augmented/Grape_test/Grape_Esca/image (1125).JPG
1,1,/Users/a.villa.massone/Code/42/42_Leaffliction/images_augmented/Grape_test/Grape_Esca/image (1127).JPG
1,1,/Users/a.villa.massone/Code/42/42_Leaffliction/images_augmented/Grape_test/Grape_Esca/image (1132).JPG
1,1,/Users/a.villa.massone/Code/42/42_Leaffliction/images_augmented/Grape_test/Grape_Esca/image (1135).JPG
1,1,/Users/a.villa.massone/Code/42/42_Leaffliction/images_augmented/Grape_test/Grape_Esca/image (1137).JPG
1,1,/Users/a.villa.massone/Code/42/42_Leaffliction/images_augmented/Grape_test/Grape_Esca/image (1147).JPG
1,1,/Users/a.villa.massone/Code/42/42_Leaffliction/images_augmented/Grape_test/Grape_Esca/image (1148).JPG
1,1,/Users/a.villa.massone/Code/42/42_Leaffliction/images_augmented/Grape_test/Grape_Esca/image (1159).JPG
1,1,/Users/a.villa.massone/Code/42/42_Leaffliction/images_augmented/Grape_test/Grape_Esca/image (116).JPG
1,1,/Users/a.villa.massone/Code/42/42_Leaffliction/images_augmented/Grape_test/Grape_Esca/image (1166).JPG
1,1,/Users/a.villa.massone/Code/42/42_Leaffliction/images_augmented/Grape_test/Grape_Esca/image (117).JPG
1,1,/Users/a.villa.massone/Code/42/42_Leaffliction/images_augmented/Grape_test/Grape_Esca/image (1179).JPG
1,1,/Users/a.villa.massone/Code/42/42_Leaffliction/images_augmented/Grape_test/Grape_Esca/image (1181).JPG
1,1,/Users/a.villa.massone/Code/42/42_Leaffliction/images_augmented/Grape_test/Grape_Esca/image (1186).JPG
1,1,/Users/a.villa.massone/Code/42/42_Leaffliction/images_augmented/Grape_test/Grape_Esca/image (1195).JPG
1,1,/Users/a.villa.massone/Code/42/42_Leaffliction/images_augmented/Grape_test/Grape_Esca/image (1201).JPG
1,1,/Users/a.villa.massone/Code/42/42_Leaffliction/images_augmented/Grape_test/Grape_Esca/image (1202).JPG
1,1,/Users/a.villa.massone/Code/42/42_Leaffliction/images_augmented/Grape_test/Grape_Esca/image (1205).JPG
1,1,/Users/a.villa.massone/Code/42/42_Leaffliction/images_augmented/Grape_test/Grape_Esca/image (1206).JPG
1,1,/Users/a.villa.massone/Code/42/42_Leaffliction/images_augmented/Grape_test/Grape_Esca/image (1212).JPG
1,1,/Users/a.villa.massone/Code/42/42_Leaffliction/images_augmented/Grape_test/Grape_Esca/image (122).JPG
1,1,/Users/a.villa.massone/Code/42/42_Leaffliction/images_augmented/Grape_test/Grape_Esca/image (1222).JPG
1,1,/Users/a.villa.massone/Code/42/42_Leaffliction/images_augmented/Grape_test/Grape_Esca/image (1227).JPG
1,1,/Users/a.villa.massone/Code/42/42_Leaffliction/images_augmented/Grape_test/Grape_Esca/image (1232).JPG
1,1,/Users/a.villa.massone/Code/42/42_Leaffliction/images_augmented/Grape_test/Grape_Esca/image (1233).JPG
1,1,/Users/a.villa.massone/Code/42/42_Leaffliction/images_augmented/Grape_test/Grape_Esca/image (1235).JPG
1,1,/Users/a.villa.massone/Code/42/42_Leaffliction/images_augmented/Grape_test/Grape_Esca/image (1239).JPG
1,1,/Users/a.villa.massone/Code/42/42_Leaffliction/images_augmented/Grape_test/Grape_Esca/image (1242).JPG
1,1,/Users/a.villa.massone/Code/42/42_Leaffliction/images_augmented/Grape_test/Grape_Esca/image (1244).JPG
1,1,/Users/a.villa.massone/Code/42/42_Leaffliction/images_augmented/Grape_test/Grape_Esca/image (1245).JPG
1,1,/Users/a.villa.massone/Code/42/42_Leaffliction/images_augmented/Grape_test/Grape_Esca/image (125).JPG
1,1,/Users/a.villa.massone/Code/42/42_Leaffliction/images_augmented/Grape_test/Grape_Esca/image (1252).JPG
1,1,/Users/a.villa.massone/Code/42/42_Leaffliction/images_augmented/Grape_test/Grape_Esca/image (1253).JPG
1,1,/Users/a.villa.massone/Code/42/42_Leaffliction/images_augmented/Grape_test/Grape_Esca/image (1258).JPG
1,1,/Users/a.villa.massone/Code/42/42_Leaffliction/images_augmented/Grape_test/Grape_Esca/image (1265).JPG
1,1,/Users/a.villa.massone/Code/42/42_Leaffliction/images_augmented/Grape_test/Grape_Esca/image (1268).JPG
1,1,/Users/a.villa.massone/Code/42/42_Leaffliction/images_augmented/Grape_test/Grape_Esca/image (1272).JPG
1,1,/Users/a.villa.massone/Code/42/42_Leaffliction/images_augmented/Grape_test/Grape_Esca/image (1279).JPG
1,1,/Users/a.villa.massone/Code/42/42_Leaffliction/images_augmented/Grape_test/Grape_Esca/image (128).JPG
1,1,/Users/a.villa.massone/Code/42/42_Leaffliction/images_augmented/Grape_test/Grape_Esca/image (1294).JPG
1,1,/Users/a.villa.massone/Code/42/42_Leaffliction/images_augmented/Grape_test/Grape_Esca/image (1305).JPG
1,1,/Users/a.villa.massone/Code/42/42_Leaffliction/images_augmented/Grape_test/Grape_Esca/image (1307).JPG
1,0,/Users/a.villa.massone/Code/42/42_Leaffliction/images_augmented/Grape_test/Grape_Esca/image (1308).JPG
1,1,/Users/a.villa.massone/Code/42/42_Leaffliction/images_augmented/Grape_test/Grape_Esca/image (131).JPG
1,1,/Users/a.villa.massone/Code/42/42_Leaffliction/images_augmented/Grape_test/Grape_Esca/image (1315).JPG
1,1,/Users/a.villa.massone/Code/42/42_Leaffliction/images_augmented/Grape_test/Grape_Esca/image (1316).JPG
1,1,/Users/a.villa.massone/Code/42/42_Leaffliction/images_augmented/Grape_test/Grape_Esca/image (1318).JPG
1,1,/Users/a.villa.massone/Code/42/42_Leaffliction/images_augmented/Grape_test/Grape_Esca/image (1324).JPG
1,1,/Users/a.villa.massone/Code/42/42_Leaffliction/images_augmented/Grape_test/Grape_Esca/image (133).JPG
1,1,/Users/a.villa.massone/Code/42/42_Leaffliction/images_augmented/Grape_test/Grape_Esca/image (1330).JPG
1,1,/Users/a.villa.massone/Code/42/42_Leaffliction/images_augmented/Grape_test/Grape_Esca/image (1335).JPG
1,1,/Users/a.villa.massone/Code/42/42_Leaffliction/images_augmented/Grape_test/Grape_Esca/image (1340).JPG
1,1,/Users/a.villa.massone/Code/42/42_Leaffliction/images_augmented/Grape_test/Grape_Esca/image (1341).JPG
1,1,/Users/a.villa.massone/Code/42/42_Leaffliction/images_augmented/Grape_test/Grape_Esca/image (1347).JPG
1,1,/Users/a.villa.massone/Code/42/42_Leaffliction/images_augmented/Grape_test/Grape_Esca/image (1348).JPG
1,1,/Users/a.villa.massone/Code/42/42_Leaffliction/images_augmented/Grape_test/Grape_Esca/image (1354).JPG
1,1,/Users/a.villa.massone/Code/42/42_Leaffliction/images_augmented/Grape_test/Grape_Esca/image (1356).JPG
1,1,/Users/a.villa.massone/Code/42/42_Leaffliction/images_augmented/Grape_test/Grape_Esca/image (136).JPG
1,1,/Users/a.villa.massone/Code/42/42_Leaffliction/images_augmented/Grape_test/Grape_Esca/image (1360).JPG
1,1,/Users/a.villa.massone/Code/42/42_Leaffliction/images_augmented/Grape_test/Grape_Esca/image (1365).JPG
1,1,/Users/a.villa.massone/Code/42/42_Leaffliction/images_augmented/Grape_test/Grape_Esca/image (137).JPG
1,1,/Users/a.villa.massone/Code/42/42_Leaffliction/images_augmented/Grape_test/Grape_Esca/image (1372).JPG
1,1,/Users/a.villa.massone/Code/42/42_Leaffliction/images_augmented/Grape_test/Grape_Esca/image (1376).JPG
1,1,/Users/a.villa.massone/Code/42/42_Leaffliction/images_augmented/Grape_test/Grape_Esca/image (1379).JPG
1,1,/Users/a.villa.massone/Code/42/42_Leaffliction/images_augmented/Grape_test/Grape_Esca/image (151).JPG
1,1,/Users/a.villa.massone/Code/42/42_Leaffliction/images_augmented/Grape_test/Grape_Esca/image (158).JPG
1,1,/Users/a.villa.massone/Code/42/42_Leaffliction/images_augmented/Grape_test/Grape_Esca/image (16).JPG
1,3,/Users/a.villa.massone/Code/42/42_Leaffliction/images_augmented/Grape_test/Grape_Esca/image (162).JPG
1,1,/Users/a.villa.massone/Code/42/42_Leaffliction/images_augmented/Grape_test/Grape_Esca/image (164).JPG
1,1,/Users/a.villa.massone/Code/42/42_Leaffliction/images_augmented/Grape_test/Grape_Esca/image (167).JPG
1,1,/Users/a.villa.massone/Code/42/42_Leaffliction/images_augmented/Grape_test/Grape_Esca/image (169).JPG
1,1,/Users/a.villa.massone/Code/42/42_Leaffliction/images_augmented/Grape_test/Grape_Esca/image (172).JPG
1,1,/Users/a.villa.massone/Code/42/42_Leaffliction/images_augmented/Grape_test/Grape_Esca/image (175).JPG
1,1,/Users/a.villa.massone/Code/42/42_Leaffliction/images_augmented/Grape_test/Grape_Esca/image (184).JPG
1,1,/Users/a.villa.massone/Code/42/42_Leaffliction/images_augmented/Grape_test/Grape_Esca/image (188).JPG
1,1,/Users/a.villa.massone/Code/42/42_Leaffliction/images_augmented/Grape_test/Grape_Esca/image (190).JPG
1,1,/Users/a.villa.massone/Code/42/42_Leaffliction/images_augmented/Grape_test/Grape_Esca/image (191).JPG
1,1,/Users/a.villa.massone/Code/42/42_Leaffliction/images_augmented/Grape_test/Grape_Esca/image (193).JPG
1,1,/Users/a.villa.massone/Code/42/42_Leaffliction/images_augmented/Grape_test/Grape_Esca/image (197).JPG
1,1,/Users/a.villa.massone/Code/42/42_Leaffliction/images_augmented/Grape_test/Grape_Esca/image (199).JPG
1,1,/Users/a.villa.massone/Code/42/42_Leaffliction/images_augmented/Grape_test/Grape_Esca/image (201).JPG
1,1,/Users/a.villa.massone/Code/42/42_Leaffliction/images_augmented/Grape_test/Grape_Esca/image (203).JPG
1,1,/Users/a.villa.massone/Code/42/42_Leaffliction/images_augmented/Grape_test/Grape_Esca/image (205).JPG
1,1,/Users/a.villa.massone/Code/42/42_Leaffliction/images_augmented/Grape_test/Grape_Esca/image (211).JPG
1,1,/Users/a.villa.massone/Code/42/42_Leaffliction/images_augmented/Grape_test/Grape_Esca/image (218).JPG
1,1,/Users/a.villa.massone/Code/42/42_Leaffliction/images_augmented/Grape_test/Grape_Esca/image (23).JPG
1,1,/Users/a.villa.massone/Code/42/42_Leaffliction/images_augmented/Grape_test/Grape_Esca/image (235).JPG
1,1,/Users/a.villa.massone/Code/42/42_Leaffliction/images_augmented/Grape_test/Grape_Esca/image (241).JPG
1,1,/Users/a.villa.massone/Code/42/42_Leaffliction/images_augmented/Grape_test/Grape_Esca/image (242).JPG
1,1,/Users/a.villa.massone/Code/42/42_Leaffliction/images_augmented/Grape_test/Grape_Esca/image (243).JPG
1,1,/Users/a.villa.massone/Code/42/42_Leaffliction/images_augmented/Grape_test/Grape_Esca/image (253).JPG
1,1,/Users/a.villa.massone/Code/42/42_Leaffliction/images_augmented/Grape_test/Grape_Esca/image (276).JPG
1,1,/Users/a.villa.massone/Code/42/42_Leaffliction/images_augmented/Grape_test/Grape_Esca/image (280).JPG
1,1,/Users/a.villa.massone/Code/42/42_Leaffliction/images_augmented/Grape_test/Grape_Esca/image (286).JPG
1,1,/Users/a.villa.massone/Code/42/42_Leaffliction/images_augmented/Grape_test/Grape_Esca/image (289).JPG
1,1,/Users/a.villa.massone/Code/42/42_Leaffliction/images_augmented/Grape_test/Grape_Esca/image (296).JPG
1,1,/Users/a.villa.massone/Code/42/42_Leaffliction/images_augmented/Grape_test/Grape_Esca/image (298).JPG
1,1,/Users/a.villa.massone/Code/42/42_Leaffliction/images_augmented/Grape_test/Grape_Esca/image (3).JPG
1,1,/Users/a.villa.massone/Code/42/42_Leaffliction/images_augmented/Grape_test/Grape_Esca/image (30).JPG
1,1,/Users/a.villa.massone/Code/42/42_Leaffliction/images_augmented/Grape_test/Grape_Esca/image (309).JPG
1,1,/Users/a.villa.massone/Code/42/42_Leaffliction/images_augmented/Grape_test/Grape_Esca/image (31).JPG
1,1,/Users/a.villa.massone/Code/42/42_Leaffliction/images_augmented/Grape_test/Grape_Esca/image (315).JPG
1,1,/Users/a.villa.massone/Code/42/42_Leaffliction/images_augmented/Grape_test/Grape_Esca/image (320).JPG
1,1,/Users/a.villa.massone/Code/42/42_Leaffliction/images_augmented/Grape_test/Grape_Esca/image (328).JPG
1,1,/Users/a.villa.massone/Code/42/42_Leaffliction/images_augmented/Grape_test/Grape_Esca/image (330).JPG
1,1,/Users/a.villa.massone/Code/42/42_Leaffliction/images_augmented/Grape_test/Grape_Esca/image (336).JPG
1,1,/Users/a.villa.massone/Code/42/42_Leaffliction/images_augmented/Grape_test/Grape_Esca/image (338).JPG
1,1,/Users/a.villa.massone/Code/42/42_Leaffliction/images_augmented/Grape_test/Grape_Esca/image (342).JPG
1,1,/Users/a.villa.massone/Code/42/42_Leaffliction/images_augmented/Grape_test/Grape_Esca/image (343).JPG
1,1,/Users/a.villa.massone/Code/42/42_Leaffliction/images_augmented/Grape_test/Grape_Esca/image (349).JPG
1,1,/Users/a.villa.massone/Code/42/42_Leaffliction/images_augmented/Grape_test/Grape_Esca/image (356).JPG
1,1,/Users/a.villa.massone/Code/42/42_Leaffliction/images_augmented/Grape_test/Grape_Esca/image (358).JPG
1,1,/Users/a.villa.massone/Code/42/42_Leaffliction/images_augmented/Grape_test/Grape_Esca/image (359).JPG
1,1,/Users/a.villa.massone/Code/42/42_Leaffliction/images_augmented/Grape_test/Grape_Esca/image (367).JPG
1,1,/Users/a.villa.massone/Code/42/42_Leaffliction/images_augmented/Grape_test/Grape_Esca/image (382).JPG
1,1,/Users/a.villa.massone/Code/42/42_Leaffliction/images_augmented/Grape_test/Grape_Esca/image (391).JPG
1,1,/Users/a.villa.massone/Code/42/42_Leaffliction/images_augmented/Grape_test/Grape_Esca/image (394).JPG
1,1,/Users/a.villa.massone/Code/42/42_Leaffliction/images_augmented/Grape_test/Grape_Esca/image (395).JPG
1,1,/Users/a.villa.massone/Code/42/42_Leaffliction/images_augmented/Grape_test/Grape_Esca/image (397).JPG
1,1,/Users/a.villa.massone/Code/42/42_Leaffliction/images_augmented/Grape_test/Grape_Esca/image (398).JPG
1,1,/Users/a.villa.massone/Code/42/42_Leaffliction/images_augmented/Grape_test/Grape_Esca/image (402).JPG
1,1,/Users/a.villa.massone/Code/42/42_Leaffliction/images_augmented/Grape_test/Grape_Esca/image (41).JPG
1,1,/Users/a.villa.massone/Code/42/42_Leaffliction/images_augmented/Grape_test/Grape_Esca/image (417).JPG
1,1,/Users/a.villa.massone/Code/42/42_Leaffliction/images_augmented/Grape_test/Grape_Esca/image (419).JPG
1,1,/Users/a.villa.massone/Code/42/42_Leaffliction/images_augmented/Grape_test/Grape_Esca/image (424).JPG
1,0,/Users/a.villa.massone/Code/42/42_Leaffliction/images_augmented/Grape_test/Grape_Esca/image (429).JPG
1,1,/Users/a.villa.massone/Code/42/42_Leaffliction/images_augmented/Grape_test/Grape_Esca/image (441).JPG
1,1,/Users/a.villa.massone/Code/42/42_Leaffliction/images_augmented/Grape_test/Grape_Esca/image (446).JPG
1,1,/Users/a.villa.massone/Code/42/42_Leaffliction/images_augmented/Grape_test/Grape_Esca/image (452).JPG
1,1,/Users/a.villa.massone/Code/42/42_Leaffliction/images_augmented/Grape_test/Grape_Esca/image (454).JPG
1,1,/Users/a.villa.massone/Code/42/42_Leaffliction/images_augmented/Grape_test/Grape_Esca/image (457).JPG
1,1,/Users/a.villa.massone/Code/42/42_Leaffliction/images_augmented/Grape_test/Grape_Esca/image (458).JPG
1,1,/Users/a.villa.massone/Code/42/42_Leaffliction/images_augmented/Grape_test/Grape_Esca/image (461).JPG
1,1,/Users/a.villa.massone/Code/42/42_Leaffliction/images_augmented/Grape_test/Grape_Esca/image (464).JPG
1,1,/Users/a.villa.massone/Code/42/42_Leaffliction/images_augmented/Grape_test/Grape_Esca/image (466).JPG
1,1,/Users/a.villa.massone/Code/42/42_Leaffliction/images_augmented/Grape_test/Grape_Esca/image (473).JPG
1,1,/Users/a.villa.massone/Code/42/42_Leaffliction/images_augmented/Grape_test/Grape_Esca/image (475).JPG
1,1,/Users/a.villa.massone/Code/42/42_Leaffliction/images_augmented/Grape_test/Grape_Esca/image (48).JPG
1,1,/Users/a.villa.massone/Code/42/42_Leaffliction/images_augmented/Grape_test/Grape_Esca/image (483).JPG
1,1,/Users/a.villa.massone/Code/42/42_Leaffliction/images_augmented/Grape_test/Grape_Esca/image (489).JPG
1,1,/Users/a.villa.massone/Code/42/42_Leaffliction/images_augmented/Grape_test/Grape_Esca/image (494).JPG
1,1,/Users/a.villa.massone/Code/42/42_Leaffliction/images_augmented/Grape_test/Grape_Esca/image (496).JPG
1,1,/Users/a.villa.massone/Code/42/42_Leaffliction/images_augmented/Grape_test/Grape_Esca/image (500).JPG
1,1,/Users/a.villa.massone/Code/42/42_Leaffliction/images_augmented/Grape_test/Grape_Esca/image (502).JPG
1,1,/Users/a.villa.massone/Code/42/42_Leaffliction/images_augmented/Grape_test/Grape_Esca/image (508).JPG
1,1,/Users/a.villa.massone/Code/42/42_Leaffliction/images_augmented/Grape_test/Grape_Esca/image (511).JPG
1,1,/Users/a.villa.massone/Code/42/42_Leaffliction/images_augmented/Grape_test/Grape_Esca/image (516).JPG
1,1,/Users/a.villa.massone/Code/42/42_Leaffliction/images_augmented/Grape_test/Grape_Esca/image (518).JPG
1,1,/Users/a.villa.massone/Code/42/42_Leaffliction/images_augmented/Grape_test/Grape_Esca/image (52).JPG
1,1,/Users/a.villa.massone/Code/42/42_Leaffliction/images_augmented/Grape_test/Grape_Esca/image (526).JPG
1,1,/Users/a.villa.massone/Code/42/42_Leaffliction/images_augmented/Grape_test/Grape_Esca/image (529).JPG
1,1,/Users/a.villa.massone/Code/42/42_Leaffliction/images_augmented/Grape_test/Grape_Esca/image (532).JPG
1,1,/Users/a.villa.massone/Code/42/42_Leaffliction/images_augmented/Grape_test/Grape_Esca/image (534).JPG
1,1,/Users/a.villa.massone/Code/42/42_Leaffliction/images_augmented/Grape_test/Grape_Esca/image (543).JPG
1,1,/Users/a.villa.massone/Code/42/42_Leaffliction/images_augmented/Grape_test/Grape_Esca/image (547).JPG
1,1,/Users/a.villa.massone/Code/42/42_Leaffliction/images_augmented/Grape_test/Grape_Esca/image (551).JPG
1,1,/Users/a.villa.massone/Code/42/42_Leaffliction/images_augmented/Grape_test/Grape_Esca/image (552).JPG
1,1,/Users/a.villa.massone/Code/42/42_Leaffliction/images_augmented/Grape_test/Grape_Esca/image (562).JPG
1,1,/Users/a.villa.massone/Code/42/42_Leaffliction/images_augmented/Grape_test/Grape_Esca/image (565).JPG
1,1,/Users/a.villa.massone/Code/42/42_Leaffliction/images_augmented/Grape_test/Grape_Esca/image (567).JPG
1,1,/Users/a.villa.massone/Code/42/42_Leaffliction/images_augmented/Grape_test/Grape_Esca/image (576).JPG
1,1,/Users/a.villa.massone/Code/42/42_Leaffliction/images_augmented/Grape_test/Grape_Esca/image (577).JPG
1,1,/Users/a.villa.massone/Code/42/42_Leaffliction/images_augmented/Grape_test/Grape_Esca/image (584).JPG
1,1,/Users/a.villa.massone/Code/42/42_Leaffliction/images_augmented/Grape_test/Grape_Esca/image (585).JPG
1,1,/Users/a.villa.massone/Code/42/42_Leaffliction/images_augmented/Grape_test/Grape_Esca/image (592).JPG
1,1,/Users/a.villa.massone/Code/42/42_Leaffliction/images_augmented/Grape_test/Grape_Esca/image (599).JPG
1,1,/Users/a.villa.massone/Code/42/42_Leaffliction/images_augmented/Grape_test/Grape_Esca/image (603).JPG
1,1,/Users/a.villa.massone/Code/42/42_Leaffliction/images_augmented/Grape_test/Grape_Esca/image (620).JPG
1,1,/Users/a.villa.massone/Code/42/42_Leaffliction/images_augmented/Grape_test/Grape_Esca/image (624).JPG
1,1,/Users/a.villa.massone/Code/42/42_Leaffliction/images_augmented/Grape_test/Grape_Esca/image (63).JPG
1,1,/Users/a.villa.massone/Code/42/42_Leaffliction/images_augmented/Grape_test/Grape_Esca/image (633).JPG
1,1,/Users/a.villa.massone/Code/42/42_Leaffliction/images_augmented/Grape_test/Grape_Esca/image (638).JPG
1,1,/Users/a.villa.massone/Code/42/42_Leaffliction/images_augmented/Grape_test/Grape_Esca/image (644).JPG
1,1,/Users/a.villa.massone/Code/42/42_Leaffliction/images_augmented/Grape_test/Grape_Esca/image (645).JPG
1,1,/Users/a.villa.massone/Code/42/42_Leaffliction/images_augmented/Grape_test/Grape_Esca/image (653).JPG
1,1,/Users/a.villa.massone/Code/42/42_Leaffliction/images_augmented/Grape_test/Grape_Esca/image (654).JPG
1,1,/Users/a.villa.massone/Code/42/42_Leaffliction/images_augmented/Grape_test/Grape_Esca/image (655).JPG
1,1,/Users/a.villa.massone/Code/42/42_Leaffliction/images_augmented/Grape_test/Grape_Esca/image (659).JPG
1,3,/Users/a.villa.massone/Code/42/42_Leaffliction/images_augmented/Grape_test/Grape_Esca/image (669).JPG
1,1,/Users/a.villa.massone/Code/42/42_Leaffliction/images_augmented/Grape_test/Grape_Esca/image (671).JPG
1,1,/Users/a.villa.massone/Code/42/42_Leaffliction/images_augmented/Grape_test/Grape_Esca/image (677).JPG
1,1,/Users/a.villa.massone/Code/42/42_Leaffliction/images_augmented/Grape_test/Grape_Esca/image (692).JPG
1,1,/Users/a.villa.massone/Code/42/42_Leaffliction/images_augmented/Grape_test/Grape_Esca/image (699).JPG
1,1,/Users/a.villa.massone/Code/42/42_Leaffliction/images_augmented/Grape_test/Grape_Esca/image (706).JPG
1,1,/Users/a.villa.massone/Code/42/42_Leaffliction/images_augmented/Grape_test/Grape_Esca/image (708).JPG
1,1,/Users/a.villa.massone/Code/42/42_Leaffliction/images_augmented/Grape_test/Grape_Esca/image (709).JPG
1,1,/Users/a.villa.massone/Code/42/42_Leaffliction/images_augmented/Grape_test/Grape_Esca/image (714).JPG
1,1,/Users/a.villa.massone/Code/42/42_Leaffliction/images_augmented/Grape_test/Grape_Esca/image (725).JPG
1,1,/Users/a.villa.massone/Code/42/42_Leaffliction/images_augmented/Grape_test/Grape_Esca/image (734).JPG
1,1,/Users/a.villa.massone/Code/42/42_Leaffliction/images_augmented/Grape_test/Grape_Esca/image (738).JPG
1,1,/Users/a.villa.massone/Code/42/42_Leaffliction/images_augmented/Grape_test/Grape_Esca/image (742).JPG
1,1,/Users/a.villa.massone/Code/42/42_Leaffliction/images_augmented/Grape_test/Grape_Esca/image (746).JPG
1,1,/Users/a.villa.massone/Code/42/42_Leaffliction/images_augmented/Grape_test/Grape_Esca/image (752).JPG
1,1,/Users/a.villa.massone/Code/42/42_Leaffliction/images_augmented/Grape_test/Grape_Esca/image (758).JPG
1,1,/Users/a.villa.massone/Code/42/42_Leaffliction/images_augmented/Grape_test/Grape_Esca/image (763).JPG
1,1,/Users/a.villa.massone/Code/42/42_Leaffliction/images_augmented/Grape_test/Grape_Esca/image (767).JPG
1,1,/Users/a.villa.massone/Code/42/42_Leaffliction/images_augmented/Grape_test/Grape_Esca/image (776).JPG
1,1,/Users/a.villa.massone/Code/42/42_Leaffliction/images_augmented/Grape_test/Grape_Esca/image (779).JPG
1,1,/Users/a.villa.massone/Code/42/42_Leaffliction/images_augmented/Grape_test/Grape_Esca/image (781).JPG
1,1,/Users/a.villa.massone/Code/42/42_Leaffliction/images_augmented/Grape_test/Grape_Esca/image (789).JPG
1,1,/Users/a.villa.massone/Code/42/42_Leaffliction/images_augmented/Grape_test/Grape_Esca/image (793).JPG
1,1,/Users/a.villa.massone/Code/42/42_Leaffliction/images_augmented/Grape_test/Grape_Esca/image (794).JPG
1,1,/Users/a.villa.massone/Code/42/42_Leaffliction/images_augmented/Grape_test/Grape_Esca/image (797).JPG
1,1,/Users/a.villa.massone/Code/42/42_Leaffliction/images_augmented/Grape_test/Grape_Esca/image (800).JPG
1,1,/Users/a.villa.massone/Code/42/42_Leaffliction/images_augmented/Grape_test/Grape_Esca/image (803).JPG
1,1,/Users/a.villa.massone/Code/42/42_Leaffliction/images_augmented/Grape_test/Grape_Esca/image (806).JPG
1,1,/Users/a.villa.massone/Code/42/42_Leaffliction/images_augmented/Grape_test/Grape_Esca/image (808).JPG
1,1,/Users/a.villa.massone/Code/42/42_Leaffliction/images_augmented/Grape_test/Grape_Esca/image (809).JPG
1,1,/Users/a.villa.massone/Code/42/42_Leaffliction/images_augmented/Grape_test/Grape_Esca/image (814).JPG
1,1,/Users/a.villa.massone/Code/42/42_Leaffliction/images_augmented/Grape_test/Grape_Esca/image (819).JPG
1,1,/Users/a.villa.massone/Code/42/42_Leaffliction/images_augmented/Grape_test/Grape_Esca/image (833).JPG
1,1,/Users/a.villa.massone/Code/42/42_Leaffliction/images_augmented/Grape_test/Grape_Esca/image (841).JPG
1,1,/Users/a.villa.massone/Code/42/42_Leaffliction/images_augmented/Grape_test/Grape_Esca/image (847).JPG
1,1,/Users/a.villa.massone/Code/42/42_Leaffliction/images_augmented/Grape_test/Grape_Esca/image (848).JPG
1,1,/Users/a.villa.massone/Code/42/42_Leaffliction/images_augmented/Grape_test/Grape_Esca/image (859).JPG
1,1,/Users/a.villa.massone/Code/42/42_Leaffliction/images_augmented/Grape_test/Grape_Esca/image (866).JPG
1,1,/Users/a.villa.massone/Code/42/42_Leaffliction/images_augmented/Grape_test/Grape_Esca/image (868).JPG
1,1,/Users/a.villa.massone/Code/42/42_Leaffliction/images_augmented/Grape_test/Grape_Esca/image (87).JPG
1,1,/Users/a.villa.massone/Code/42/42_Leaffliction/images_augmented/Grape_test/Grape_Esca/image (874).JPG
1,1,/Users/a.villa.massone/Code/42/42_Leaffliction/images_augmented/Grape_test/Grape_Esca/image (876).JPG
1,1,/Users/a.villa.massone/Code/42/42_Leaffliction/images_augmented/Grape_test/Grape_Esca/image (882).JPG
1,1,/Users/a.villa.massone/Code/42/42_Leaffliction/images_augmented/Grape_test/Grape_Esca/image (884).JPG
1,1,/Users/a.villa.massone/Code/42/42_Leaffliction/images_augmented/Grape_test/Grape_Esca/image (886).JPG
1,1,/Users/a.villa.massone/Code/42/42_Leaffliction/images_augmented/Grape_test/Grape_Esca/image (893).JPG
1,1,/Users/a.villa.massone/Code/42/42_Leaffliction/images_augmented/Grape_test/Grape_Esca/image (902).JPG
1,1,/Users/a.villa.massone/Code/42/42_Leaffliction/images_augmented/Grape_test/Grape_Esca/image (908).JPG
1,1,/Users/a.villa.massone/Code/42/42_Leaffliction/images_augmented/Grape_test/Grape_Esca/image (909).JPG
1,1,/Users/a.villa.massone/Code/42/42_Leaffliction/images_augmented/Grape_test/Grape_Esca/image (911).JPG
1,1,/Users/a.villa.massone/Code/42/42_Leaffliction/images_augmented/Grape_test/Grape_Esca/image (914).JPG
1,1,/Users/a.villa.massone/Code/42/42_Leaffliction/images_augmented/Grape_test/Grape_Esca/image (919).JPG
1,1,/Users/a.villa.massone/Code/42/42_Leaffliction/images_augmented/Grape_test/Grape_Esca/image (920).JPG
1,1,/Users/a.villa.massone/Code/42/42_Leaffliction/images_augmented/Grape_test/Grape_Esca/image (924).JPG
1,1,/Users/a.villa.massone/Code/42/42_Leaffliction/images_augmented/Grape_test/Grape_Esca/image (928).JPG
1,1,/Users/a.villa.massone/Code/42/42_Leaffliction/images_augmented/Grape_test/Grape_Esca/image (93).JPG
1,1,/Users/a.villa.massone/Code/42/42_Leaffliction/images_augmented/Grape_test/Grape_Esca/image (931).JPG
1,1,/Users/a.villa.massone/Code/42/42_Leaffliction/images_augmented/Grape_test/Grape_Esca/image (933).JPG
1,1,/Users/a.villa.massone/Code/42/42_Leaffliction/images_augmented/Grape_test/Grape_Esca/image (937).JPG
1,1,/Users/a.villa.massone/Code/42/42_Leaffliction/images_augmented/Grape_test/Grape_Esca/image (94).JPG
1,1,/Users/a.villa.massone/Code/42/42_Leaffliction/images_augmented/Grape_test/Grape_Esca/image (948).JPG
1,1,/Users/a.villa.massone/Code/42/42_Leaffliction/images_augmented/Grape_test/Grape_Esca/image (952).JPG
1,1,/Users/a.villa.massone/Code/42/42_Leaffliction/images_augmented/Grape_test/Grape_Esca/image (953).JPG
1,1,/Users/a.villa.massone/Code/42/42_Leaffliction/images_augmented/Grape_test/Grape_Esca/image (962).JPG
1,1,/Users/a.villa.massone/Code/42/42_Leaffliction/images_augmented/Grape_test/Grape_Esca/image (971).JPG
1,1,/Users/a.villa.massone/Code/42/42_Leaffliction/images_augmented/Grape_test/Grape_Esca/image (972).JPG
1,1,/Users/a.villa.massone/Code/42/42_Leaffliction/images_augmented/Grape_test/Grape_Esca/image (98).JPG
1,1,/Users/a.villa.massone/Code/42/42_Leaffliction/images_augmented/Grape_test/Grape_Esca/image (981).JPG
1,1,/Users/a.villa.massone/Code/42/42_Leaffliction/images_augmented/Grape_test/Grape_Esca/image (982).JPG
1,1,/Users/a.villa.massone/Code/42/42_Leaffliction/images_augmented/Grape_test/Grape_Esca/image (986).JPG
1,1,/Users/a.villa.massone/Code/42/42_Leaffliction/images_augmented/Grape_test/Grape_Esca/image (990).JPG
1,1,/Users/a.villa.massone/Code/42/42_Leaffliction/images_augmented/Grape_test/Grape_Esca/image (991).JPG
1,1,/Users/a.villa.massone/Code/42/42_Leaffliction/images_augmented/Grape_test/Grape_Esca/image (996).JPG
1,1,/Users/a.villa.massone/Code/42/42_Leaffliction/images_augmented/Grape_test/Grape_Esca/image (998).JPG
2,2,/Users/a.villa.massone/Code/42/42_Leaffliction/images_augmented/Grape_test/Grape_healthy/image (1).JPG
2,2,/Users/a.villa.massone/Code/42/42_Leaffliction/images_augmented/Grape_test/Grape_healthy/image (103).JPG
2,2,/Users/a.villa.massone/Code/42/42_Leaffliction/images_augmented/Grape_test/Grape_healthy/image (108).JPG
2,2,/Users/a.villa.massone/Code/42/42_Leaffliction/images_augmented/Grape_test/Grape_healthy/image (109).JPG
2,2,/Users/a.villa.massone/Code/42/42_Leaffliction/images_augmented/Grape_test/Grape_healthy/image (110).JPG
2,2,/Users/a.villa.massone/Code/42/42_Leaffliction/images_augmented/Grape_test/Grape_healthy/image (115).JPG
2,2,/Users/a.villa.massone/Code/42/42_Leaffliction/images_augmented/Grape_test/Grape_healthy/image (116).JPG
2,2,/Users/a.villa.massone/Code/42/42_Leaffliction/images_augmented/Grape_test/Grape_healthy/image (118).JPG
2,2,/Users/a.villa.massone/Code/42/42_Leaffliction/images_augmented/Grape_test/Grape_healthy/image (122).JPG
2,2,/Users/a.villa.massone/Code/42/42_Leaffliction/images_augmented/Grape_test/Grape_healthy/image (123).JPG
2,2,/Users/a.villa.massone/Code/42/42_Leaffliction/images_augmented/Grape_test/Grape_healthy/image (128).JPG
2,2,/Users/a.villa.massone/Code/42/42_Leaffliction/images_augmented/Grape_test/Grape_healthy/image (13).JPG
2,2,/Users/a.villa.massone/Code/42/42_Leaffliction/images_augmented/Grape_test/Grape_healthy/image (130).JPG
2,2,/Users/a.villa.massone/Code/42/42_Leaffliction/images_augmented/Grape_test/Grape_healthy/image (133).JPG
2,2,/Users/a.villa.massone/Code/42/42_Leaffliction/images_augmented/Grape_test/Grape_healthy/image (142).JPG
2,2,/Users/a.villa.massone/Code/42/42_Leaffliction/images_augmented/Grape_test/Grape_healthy/image (145).JPG
2,2,/Users/a.villa.massone/Code/42/42_Leaffliction/images_augmented/Grape_test/Grape_healthy/image (146).JPG
2,2,/Users/a.villa.massone/Code/42/42_Leaffliction/images_augmented/Grape_test/Grape_healthy/image (159).JPG
2,2,/Users/a.villa.massone/Code/42/42_Leaffliction/images_augmented/Grape_test/Grape_healthy/image (163).JPG
2,2,/Users/a.villa.massone/Code/42/42_Leaffliction/images_augmented/Grape_test/Grape_healthy/image (175).JPG
2,2,/Users/a.villa.massone/Code/42/42_Leaffliction/images_augmented/Grape_test/Grape_healthy/image (187).JPG
2,2,/Users/a.villa.massone/Code/42/42_Leaffliction/images_augmented/Grape_test/Grape_healthy/image (194).JPG
2,2,/Users/a.villa.massone/Code/42/42_Leaffliction/images_augmented/Grape_test/Grape_healthy/image (20).JPG
2,2,/Users/a.villa.massone/Code/42/42_Leaffliction/images_augmented/Grape_test/Grape_healthy/image (200).JPG
2,2,/Users/a.villa.massone/Code/42/42_Leaffliction/images_augmented/Grape_test/Grape_healthy/image (210).JPG
2,2,/Users/a.villa.massone/Code/42/42_Leaffliction/images_augmented/Grape_test/Grape_healthy/image (219).JPG
2,2,/Users/a.villa.massone/Code/42/42_Leaffliction/images_augmented/Grape_test/Grape_healthy/image (22).JPG
2,2,/Users/a.villa.massone/Code/42/42_Leaffliction/images_augmented/Grape_test/Grape_healthy/image (221).JPG
2,2,/Users/a.villa.massone/Code/42/42_Leaffliction/images_augmented/Grape_test/Grape_healthy/image (225).JPG
2,2,/Users/a.villa.massone/Code/42/42_Leaffliction/images_augmented/Grape_test/Grape_healthy/image (227).JPG
2,2,/Users/a.villa.massone/Code/42/42_Leaffliction/images_augmented/Grape_test/Grape_healthy/image (239).JPG
2,2,/Users/a.villa.massone/Code/42/42_Leaffliction/images_augmented/Grape_test/Grape_healthy/image (24).JPG
2,2,/Users/a.villa.massone/Code/42/42_Leaffliction/images_augmented/Grape_test/Grape_healthy/image (253).JPG
2,2,/Users/a.villa.massone/Code/42/42_Leaffliction/images_augmented/Grape_test/Grape_healthy/image (256).JPG
2,2,/Users/a.villa.massone/Code/42/42_Leaffliction/images_augmented/Grape_test/Grape_healthy/image (26).JPG
2,2,/Users/a.villa.massone/Code/42/42_Leaffliction/images_augmented/Grape_test/Grape_healthy/image (270).JPG
2,2,/Users/a.villa.massone/Code/42/42_Leaffliction/images_augmented/Grape_test/Grape_healthy/image (274).JPG
2,2,/Users/a.villa.massone/Code/42/42_Leaffliction/images_augmented/Grape_test/Grape_healthy/image (278).JPG
2,2,/Users/a.villa.massone/Code/42/42_Leaffliction/images_augmented/Grape_test/Grape_healthy/image (279).JPG
2,2,/Users/a.villa.massone/Code/42/42_Leaffliction/images_augmented/Grape_test/Grape_healthy/image (28).JPG
2,2,/Users/a.villa.massone/Code/42/42_Leaffliction/images_augmented/Grape_test/Grape_healthy/image (282).JPG
2,2,/Users/a.villa.massone/Code/42/42_Leaffliction/images_augmented/Grape_test/Grape_healthy/image (285).JPG
2,2,/Users/a.villa.massone/Code/42/42_Leaffliction/images_augmented/Grape_test/Grape_healthy/image (288).JPG
2,2,/Users/a.villa.massone/Code/42/42_Leaffliction/images_augmented/Grape_test/Grape_healthy/image (29).JPG
2,2,/Users/a.villa.massone/Code/42/42_Leaffliction/images_augmented/Grape_test/Grape_healthy/image (293).JPG
2,2,/Users/a.villa.massone/Code/42/42_Leaffliction/images_augmented/Grape_test/Grape_healthy/image (294).JPG
2,2,/Users/a.villa.massone/Code/42/42_Leaffliction/images_augmented/Grape_test/Grape_healthy/image (297).JPG
2,2,/Users/a.villa.massone/Code/42/42_Leaffliction/images_augmented/Grape_test/Grape_healthy/image (3).JPG
2,2,/Users/a.villa.massone/Code/42/42_Leaffliction/images_augmented/Grape_test/Grape_healthy/image (304).JPG
2,2,/Users/a.villa.massone/Code/42/42_Leaffliction/images_augmented/Grape_test/Grape_healthy/image (306).JPG
2,2,/Users/a.villa.massone/Code/42/42_Leaffliction/images_augmented/Grape_test/Grape_healthy/image (313).JPG
2,2,/Users/a.villa.massone/Code/42/42_Leaffliction/images_augmented/Grape_test/Grape_healthy/image (314).JPG
2,2,/Users/a.villa.massone/Code/42/42_Leaffliction/images_augmented/Grape_test/Grape_healthy/image (317).JPG
2,2,/Users/a.villa.massone/Code/42/42_Leaffliction/images_augmented/Grape_test/Grape_healthy/image (320).JPG
2,2,/Users/a.villa.massone/Code/42/42_Leaffliction/images_augmented/Grape_test/Grape_healthy/image (326).JPG
2,2,/Users/a.villa.massone/Code/42/42_Leaffliction/images_augmented/Grape_test/Grape_healthy/image (328).JPG
2,2,/Users/a.villa.massone/Code/42/42_Leaffliction/images_augmented/Grape_test/Grape_healthy/image (329).JPG
2,2,/Users/a.villa.massone/Code/42/42_Leaffliction/images_augmented/Grape_test/Grape_healthy/image (332).JPG
2,2,/Users/a.villa.massone/Code/42/42_Leaffliction/images_augmented/Grape_test/Grape_healthy/image (335).JPG
2,2,/Users/a.villa.massone/Code/42/42_Leaffliction/images_augmented/Grape_test/Grape_healthy/image (344).JPG
2,2,/Users/a.villa.massone/Code/42/42_Leaffliction/images_augmented/Grape_test/Grape_healthy/image (345).JPG
2,2,/Users/a.villa.massone/Code/42/42_Leaffliction/images_augmented/Grape_test/Grape_healthy/image (347).JPG
2,2,/Users/a.villa.massone/Code/42/42_Leaffliction/images_augmented/Grape_test/Grape_healthy/image (353).JPG
2,2,/Users/a.villa.massone/Code/42/42_Leaffliction/images_augmented/Grape_test/Grape_healthy/image (363).JPG
2,2,/Users/a.villa.massone/Code/42/42_Leaffliction/images_augmented/Grape_test/Grape_healthy/image (375).JPG
2,2,/Users/a.villa.massone/Code/42/42_Leaffliction/images_augmented/Grape_test/Grape_healthy/image (378).JPG
2,2,/Users/a.villa.massone/Code/42/42_Leaffliction/images_augmented/Grape_test/Grape_healthy/image (388).JPG
2,2,/Users/a.villa.massone/Code/42/42_Leaffliction/images_augmented/Grape_test/Grape_healthy/image (389).JPG
2,2,/Users/a.villa.massone/Code/42/42_Leaffliction/images_augmented/Grape_test/Grape_healthy/image (397).JPG
2,2,/Users/a.villa.massone/Code/42/42_Leaffliction/images_augmented/Grape_test/Grape_healthy/image (399).JPG
2,2,/Users/a.villa.massone/Code/42/42_Leaffliction/images_augmented/Grape_test/Grape_healthy/image (40).JPG
2,2,/Users/a.villa.massone/Code/42/42_Leaffliction/images_augmented/Grape_test/Grape_healthy/image (410).JPG
2,2,/Users/a.villa.massone/Code/42/42_Leaffliction/images_augmented/Grape_test/Grape_healthy/image (416).JPG
2,2,/Users/a.villa.massone/Code/42/42_Leaffliction/images_augmented/Grape_test/Grape_healthy/image (47).JPG
2,2,/Users/a.villa.massone/Code/42/42_Leaffliction/images_augmented/Grape_test/Grape_healthy/image (48).JPG
2,2,/Users/a.villa.massone/Code/42/42_Leaffliction/images_augmented/Grape_test/Grape_healthy/image (50).JPG
2,2,/Users/a.villa.massone/Code/42/42_Leaffliction/images_augmented/Grape_test/Grape_healthy/image (6).JPG
2,2,/Users/a.villa.massone/Code/42/42_Leaffliction/images_augmented/Grape_test/Grape_healthy/image (63).JPG
2,2,/Users/a.villa.massone/Code/42/42_Leaffliction/images_augmented/Grape_test/Grape_healthy/image (67).JPG
2,2,/Users/a.villa.massone/Code/42/42_Leaffliction/images_augmented/Grape_test/Grape_healthy/image (74).JPG
2,2,/Users/a.villa.massone/Code/42/42_Leaffliction/images_augmented/Grape_test/Grape_healthy/image (79).JPG
2,2,/Users/a.villa.massone/Code/42/42_Leaffliction/images_augmented/Grape_test/Grape_healthy/image (87).JPG
2,2,/Users/a.villa.massone/Code/42/42_Leaffliction/images_augmented/Grape_test/Grape_healthy/image (97).JPG
2,2,/Users/a.villa.massone/Code/42/42_Leaffliction/images_augmented/Grape_test/Grape_healthy/image (98).JPG
3,3,/Users/a.villa.massone/Code/42/42_Leaffliction/images_augmented/Grape_test/Grape_spot/image (10).JPG
3,3,/Users/a.villa.massone/Code/42/42_Leaffliction/images_augmented/Grape_test/Grape_spot/image (100).JPG
3,3,/Users/a.villa.massone/Code/42/42_Leaffliction/images_augmented/Grape_test/Grape_spot/image (1004).JPG
3,3,/Users/a.villa.massone/Code/42/42_Leaffliction/images_augmented/Grape_test/Grape_spot/image (1008).JPG
3,3,/Users/a.villa.massone/Code/42/42_Leaffliction/images_augmented/Grape_test/Grape_spot/image (1019).JPG
3,3,/Users/a.villa.massone/Code/42/42_Leaffliction/images_augmented/Grape_test/Grape_spot/image (1026).JPG
3,3,/Users/a.villa.massone/Code/42/42_Leaffliction/images_augmented/Grape_test/Grape_spot/image (1030).JPG
3,3,/Users/a.villa.massone/Code/42/42_Leaffliction/images_augmented/Grape_test/Grape_spot/image (1035).JPG
3,3,/Users/a.villa.massone/Code/42/42_Leaffliction/images_augmented/Grape_test/Grape_spot/image (1042).JPG
3,3,/Users/a.villa.massone/Code/42/42_Leaffliction/images_augmented/Grape_test/Grape_spot/image (1066).JPG
3,3,/Users/a.villa.massone/Code/42/42_Leaffliction/images_augmented/Grape_test/Grape_spot/image (114).JPG
3,3,/Users/a.villa.massone/Code/42/42_Leaffliction/images_augmented/Grape_test/Grape_spot/image (12).JPG
3,3,/Users/a.villa.massone/Code/42/42_Leaffliction/images_augmented/Grape_test/Grape_spot/image (120).JPG
3,3,/Users/a.villa.massone/Code/42/42_Leaffliction/images_augmented/Grape_test/Grape_spot/image (127).JPG
3,0,/Users/a.villa.massone/Code/42/42_Leaffliction/images_augmented/Grape_test/Grape_spot/image (128).JPG
3,3,/Users/a.villa.massone/Code/42/42_Leaffliction/images_augmented/Grape_test/Grape_spot/image (129).JPG
3,3,/Users/a.villa.massone/Code/42/42_Leaffliction/images_augmented/Grape_test/Grape_spot/image (141).JPG
3,3,/Users/a.villa.massone/Code/42/42_Leaffliction/images_augmented/Grape_test/Grape_spot/image (146).JPG
3,3,/Users/a.villa.massone/Code/42/42_Leaffliction/images_augmented/Grape_test/Grape_spot/image (15).JPG
3,3,/Users/a.villa.massone/Code/42/42_Leaffliction/images_augmented/Grape_test/Grape_spot/image (157).JPG
3,3,/Users/a.villa.massone/Code/42/42_Leaffliction/images_augmented/Grape_test/Grape_spot/image (158).JPG
3,3,/Users/a.villa.massone/Code/42/42_Leaffliction/images_augmented/Grape_test/Grape_spot/image (165).JPG
3,3,/Users/a.villa.massone/Code/42/42_Leaffliction/images_augmented/Grape_test/Grape_spot/image (167).JPG
3,3,/Users/a.villa.massone/Code/42/42_Leaffliction/images_augmented/Grape_test/Grape_spot/image (168).JPG
3,3,/Users/a.villa.massone/Code/42/42_Leaffliction/images_augmented/Grape_test/Grape_spot/image (17).JPG
3,3,/Users/a.villa.massone/Code/42/42_Leaffliction/images_augmented/Grape_test/Grape_spot/image (171).JPG
3,3,/Users/a.villa.massone/Code/42/42_Leaffliction/images_augmented/Grape_test/Grape_spot/image (175).JPG
3,3,/Users/a.villa.massone/Code/42/42_Leaffliction/images_augmented/Grape_test/Grape_spot/image (176).JPG
3,3,/Users/a.villa.massone/Code/42/42_Leaffliction/images_augmented/Grape_test/Grape_spot/image (18).JPG
3,3,/Users/a.villa.massone/Code/42/42_Leaffliction/images_augmented/Grape_test/Grape_spot/image (189).JPG
3,3,/Users/a.villa.massone/Code/42/42_Leaffliction/images_augmented/Grape_test/Grape_spot/image (190).JPG
3,3,/Users/a.villa.massone/Code/42/42_Leaffliction/images_augmented/Grape_test/Grape_spot/image (192).JPG
3,3,/Users/a.villa.massone/Code/42/42_Leaffliction/images_augmented/Grape_test/Grape_spot/image (2).JPG
3,3,/Users/a.villa.massone/Code/42/42_Leaffliction/images_augmented/Grape_test/Grape_spot/image (203).JPG
3,3,/Users/a.villa.massone/Code/42/42_Leaffliction/images_augmented/Grape_test/Grape_spot/image (205).JPG
3,3,/Users/a.villa.massone/Code/42/42_Leaffliction/images_augmented/Grape_test/Grape_spot/image (213).JPG
3,3,/Users/a.villa.massone/Code/42/42_Leaffliction/images_augmented/Grape_test/Grape_spot/image (226).JPG
3,3,/Users/a.villa.massone/Code/42/42_Leaffliction/images_augmented/Grape_test/Grape_spot/image (230).JPG
3,3,/Users/a.villa.massone/Code/42/42_Leaffliction/images_augmented/Grape_test/Grape_spot/image (231).JPG
3,3,/Users/a.villa.massone/Code/42/42_Leaffliction/images_augmented/Grape_test/Grape_spot/image (236).JPG
3,3,/Users/a.villa.massone/Code/42/42_Leaffliction/images_augmented/Grape_test/Grape_spot/image (24).JPG
3,3,/Users/a.villa.massone/Code/42/42_Leaffliction/images_augmented/Grape_test/Grape_spot/image (246).JPG
3,3,/Users/a.villa.massone/Code/42/42_Leaffliction/images_augmented/Grape_test/Grape_spot/image (248).JPG
3,3,/Users/a.villa.massone/Code/42/42_Leaffliction/images_augmented/Grape_test/Grape_spot/image (25).JPG
3,3,/Users/a.villa.massone/Code/42/42_Leaffliction/images_augmented/Grape_test/Grape_spot/image (252).JPG
3,3,/Users/a.villa.massone/Code/42/42_Leaffliction/images_augmented/Grape_test/Grape_spot/image (261).JPG
3,3,/Users/a.villa.massone/Code/42/42_Leaffliction/images_augmented/Grape_test/Grape_spot/image (268).JPG
3,3,/Users/a.villa.massone/Code/42/42_Leaffliction/images_augmented/Grape_test/Grape_spot/image (272).JPG
3,3,/Users/a.villa.massone/Code/42/42_Leaffliction/images_augmented/Grape_test/Grape_spot/image (286).JPG
3,3,/Users/a.villa.massone/Code/42/42_Leaffliction/images_augmented/Grape_test/Grape_spot/image (287).JPG
3,3,/Users/a.villa.massone/Code/42/42_Leaffliction/images_augmented/Grape_test/Grape_spot/image (296).JPG
3,3,/Users/a.villa.massone/Code/42/42_Leaffliction/images_augmented/Grape_test/Grape_spot/image (301).JPG
3,3,/Users/a.villa.massone/Code/42/42_Leaffliction/images_augmented/Grape_test/Grape_spot/image (310).JPG
3,3,/Users/a.villa.massone/Code/42/42_Leaffliction/images_augmented/Grape_test/Grape_spot/image (312).JPG
3,3,/Users/a.villa.massone/Code/42/42_Leaffliction/images_augmented/Grape_test/Grape_spot/image (324).JPG
3,3,/Users/a.villa.massone/Code/42/42_Leaffliction/images_augmented/Grape_test/Grape_spot/image (327).JPG
3,3,/Users/a.villa.massone/Code/42/42_Leaffliction/images_augmented/Grape_test/Grape_spot/image (34).JPG
3,3,/Users/a.villa.massone/Code/42/42_Leaffliction/images_augmented/Grape_test/Grape_spot/image (365).JPG
3,3,/Users/a.villa.massone/Code/42/42_Leaffliction/images_augmented/Grape_test/Grape_spot/image (366).JPG
3,3,/Users/a.villa.massone/Code/42/42_Leaffliction/images_augmented/Grape_test/Grape_spot/image (367).JPG
3,3,/Users/a.villa.massone/Code/42/42_Leaffliction/images_augmented/Grape_test/Grape_spot/image (368).JPG
3,3,/Users/a.villa.massone/Code/42/42_Leaffliction/images_augmented/Grape_test/Grape_spot/image (372).JPG
3,3,/Users/a.villa.massone/Code/42/42_Leaffliction/images_augmented/Grape_test/Grape_spot/image (378).JPG
3,3,/Users/a.villa.massone/Code/42/42_Leaffliction/images_augmented/Grape_test/Grape_spot/image (379).JPG
3,3,/Users/a.villa.massone/Code/42/42_Leaffliction/images_augmented/Grape_test/Grape_spot/image (381).JPG
3,3,/Users/a.villa.massone/Code/42/42_Leaffliction/images_augmented/Grape_test/Grape_spot/image (389).JPG
3,3,/Users/a.villa.massone/Code/42/42_Leaffliction/images_augmented/Grape_test/Grape_spot/image (396).JPG
3,3,/Users/a.villa.massone/Code/42/42_Leaffliction/images_augmented/Grape_test/Grape_spot/image (40).JPG
3,3,/Users/a.villa.massone/Code/42/42_Leaffliction/images_augmented/Grape_test/Grape_spot/image (401).JPG
3,3,/Users/a.villa.massone/Code/42/42_Leaffliction/images_augmented/Grape_test/Grape_spot/image (403).JPG
3,3,/Users/a.villa.massone/Code/42/42_Leaffliction/images_augmented/Grape_test/Grape_spot/image (407).JPG
3,3,/Users/a.villa.massone/Code/42/42_Leaffliction/images_augmented/Grape_test/Grape_spot/image (414).JPG
3,3,/Users/a.villa.massone/Code/42/42_Leaffliction/images_augmented/Grape_test/Grape_spot/image (415).JPG
3,3,/Users/a.villa.massone/Code/42/42_Leaffliction/images_augmented/Grape_test/Grape_spot/image (418).JPG
3,3,/Users/a.villa.massone/Code/42/42_Leaffliction/images_augmented/Grape_test/Grape_spot/image (42).JPG
3,3,/Users/a.villa.massone/Code/42/42_Leaffliction/images_augmented/Grape_test/Grape_spot/image (423).JPG
3,3,/Users/a.villa.massone/Code/42/42_Leaffliction/images_augmented/Grape_test/Grape_spot/image (426).JPG
3,3,/Users/a.villa.massone/Code/42/42_Leaffliction/images_augmented/Grape_test/Grape_spot/image (429).JPG
3,3,/Users/a.villa.massone/Code/42/42_Leaffliction/images_augmented/Grape_test/Grape_spot/image (435).JPG
3,3,/Users/a.villa.massone/Code/42/42_Leaffliction/images_augmented/Grape_test/Grape_spot/image (438).JPG
3,3,/Users/a.villa.massone/Code/42/42_Leaffliction/images_augmented/Grape_test/Grape_spot/image (44).JPG
3,3,/Users/a.villa.massone/Code/42/42_Leaffliction/images_augmented/Grape_test/Grape_spot/image (442).JPG
3,3,/Users/a.villa.massone/Code/42/42_Leaffliction/images_augmented/Grape_test/Grape_spot/image (445).JPG
3,3,/Users/a.villa.massone/Code/42/42_Leaffliction/images_augmented/Grape_test/Grape_spot/image (447).JPG
3,3,/Users/a.villa.massone/Code/42/42_Leaffliction/images_augmented/Grape_test/Grape_spot/image (45).JPG
3,3,/Users/a.villa.massone/Code/42/42_Leaffliction/images_augmented/Grape_test/Grape_spot/image (463).JPG
3,3,/Users/a.villa.massone/Code/42/42_Leaffliction/images_augmented/Grape_test/Grape_spot/image (467).JPG
3,3,/Users/a.villa.massone/Code/42/42_Leaffliction/images_augmented/Grape_test/Grape_spot/image (469).JPG
3,3,/Users/a.villa.massone/Code/42/42_Leaffliction/images_augmented/Grape_test/Grape_spot/image (47).JPG
3,3,/Users/a.villa.massone/Code/42/42_Leaffliction/images_augmented/Grape_test/Grape_spot/image (479).JPG
3,3,/Users/a.villa.massone/Code/42/42_Leaffliction/images_augmented/Grape_test/Grape_spot/image (484).JPG
3,3,/Users/a.villa.massone/Code/42/42_Leaffliction/images_augmented/Grape_test/Grape_spot/image (485).JPG
3,3,/Users/a.villa.massone/Code/42/42_Leaffliction/images_augmented/Grape_test/Grape_spot/image (488).JPG
3,3,/Users/a.villa.massone/Code/42/42_Leaffliction/images_augmented/Grape_test/Grape_spot/image (509).JPG
3,3,/Users/a.villa.massone/Code/42/42_Leaffliction/images_augmented/Grape_test/Grape_spot/image (510).JPG
3,3,/Users/a.villa.massone/Code/42/42_Leaffliction/images_augmented/Grape_test/Grape_spot/image (519).JPG
3,3,/Users/a.villa.massone/Code/42/42_Leaffliction/images_augmented/Grape_test/Grape_spot/image (520).JPG
3,3,/Users/a.villa.massone/Code/42/42_Leaffliction/images_augmented/Grape_test/Grape_spot/image (521).JPG
3,3,/Users/a.villa.massone/Code/42/42_Leaffliction/images_augmented/Grape_test/Grape_spot/image (524).JPG
3,3,/Users/a.villa.massone/Code/42/42_Leaffliction/images_augmented/Grape_test/Grape_spot/image (528).JPG
3,3,/Users/a.villa.massone/Code/42/42_Leaffliction/images_augmented/Grape_test/Grape_spot/image (531).JPG
3,3,/Users/a.villa.massone/Code/42/42_Leaffliction/images_augmented/Grape_test/Grape_spot/image (532).JPG
3,3,/Users/a.villa.massone/Code/42/42_Leaffliction/images_augmented/Grape_test/Grape_spot/image (535).JPG
3,3,/Users/a.villa.massone/Code/42/42_Leaffliction/images_augmented/Grape_test/Grape_spot/image (544).JPG
3,3,/Users/a.villa.massone/Code/42/42_Leaffliction/images_augmented/Grape_test/Grape_spot/image (551).JPG
3,3,/Users/a.villa.massone/Code/42/42_Leaffliction/images_augmented/Grape_test/Grape_spot/image (556).JPG
3,3,/Users/a.villa.massone/Code/42/42_Leaffliction/images_augmented/Grape_test/Grape_spot/image (56).JPG
3,3,/Users/a.villa.massone/Code/42/42_Leaffliction/images_augmented/Grape_test/Grape_spot/image (562).JPG
3,3,/Users/a.villa.massone/Code/42/42_Leaffliction/images_augmented/Grape_test/Grape_spot/image (567).JPG
3,3,/Users/a.villa.massone/Code/42/42_Leaffliction/images_augmented/Grape_test/Grape_spot/image (568).JPG
3,3,/Users/a.villa.massone/Code/42/42_Leaffliction/images_augmented/Grape_test/Grape_spot/image (570).JPG
3,3,/Users/a.villa.massone/Code/42/42_Leaffliction/images_augmented/Grape_test/Grape_spot/image (577).JPG
3,3,/Users/a.villa.massone/Code/42/42_Leaffliction/images_augmented/Grape_test/Grape_spot/image (58).JPG
3,3,/Users/a.villa.massone/Code/42/42_Leaffliction/images_augmented/Grape_test/Grape_spot/image (583).JPG
3,3,/Users/a.villa.massone/Code/42/42_Leaffliction/images_augmented/Grape_test/Grape_spot/image (588).JPG
3,3,/Users/a.villa.massone/Code/42/42_Leaffliction/images_augmented/Grape_test/Grape_spot/image (596).JPG
3,3,/Users/a.villa.massone/Code/42/42_Leaffliction/images_augmented/Grape_test/Grape_spot/image (600).JPG
3,3,/Users/a.villa.massone/Code/42/42_Leaffliction/images_augmented/Grape_test/Grape_spot/image (61).JPG
3,3,/Users/a.villa.massone/Code/42/42_Leaffliction/images_augmented/Grape_test/Grape_spot/image (612).JPG
3,3,/Users/a.villa.massone/Code/42/42_Leaffliction/images_augmented/Grape_test/Grape_spot/image (617).JPG
3,3,/Users/a.villa.massone/Code/42/42_Leaffliction/images_augmented/Grape_test/Grape_spot/image (625).JPG
3,3,/Users/a.villa.massone/Code/42/42_Leaffliction/images_augmented/Grape_test/Grape_spot/image (632).JPG
3,3,/Users/a.villa.massone/Code/42/42_Leaffliction/images_augmented/Grape_test/Grape_spot/image (637).JPG
3,3,/Users/a.villa.massone/Code/42/42_Leaffliction/images_augmented/Grape_test/Grape_spot/image (64).JPG
3,3,/Users/a.villa.massone/Code/42/42_Leaffliction/images_augmented/Grape_test/Grape_spot/image (643).JPG
3,3,/Users/a.villa.massone/Code/42/42_Leaffliction/images_augmented/Grape_test/Grape_spot/image (646).JPG
3,3,/Users/a.villa.massone/Code/42/42_Leaffliction/images_augmented/Grape_test/Grape_spot/image (647).JPG
3,3,/Users/a.villa.massone/Code/42/42_Leaffliction/images_augmented/Grape_test/Grape_spot/image (652).JPG
3,3,/Users/a.villa.massone/Code/42/42_Leaffliction/images_augmented/Grape_test/Grape_spot/image (66).JPG
3,3,/Users/a.villa.massone/Code/42/42_Leaffliction/images_augmented/Grape_test/Grape_spot/image (664).JPG
3,3,/Users/a.villa.massone/Code/42/42_Leaffliction/images_augmented/Grape_test/Grape_spot/image (67).JPG
3,3,/Users/a.villa.massone/Code/42/42_Leaffliction/images_augmented/Grape_test/Grape_spot/image (670).JPG
3,3,/Users/a.villa.massone/Code/42/42_Leaffliction/images_augmented/Grape_test/Grape_spot/image (672).JPG
3,3,/Users/a.villa.massone/Code/42/42_Leaffliction/images_augmented/Grape_test/Grape_spot/image (675).JPG
3,3,/Users/a.villa.massone/Code/42/42_Leaffliction/images_augmented/Grape_test/Grape_spot/image (676).JPG
3,3,/Users/a.villa.massone/Code/42/42_Leaffliction/images_augmented/Grape_test/Grape_spot/image (681).JPG
3,3,/Users/a.villa.massone/Code/42/42_Leaffliction/images_augmented/Grape_test/Grape_spot/image (684).JPG
3,3,/Users/a.villa.massone/Code/42/42_Leaffliction/images_augmented/Grape_test/Grape_spot/image (686).JPG
3,3,/Users/a.villa.massone/Code/42/42_Leaffliction/images_augmented/Grape_test/Grape_spot/image (687).JPG
3,3,/Users/a.villa.massone/Code/42/42_Leaffliction/images_augmented/Grape_test/Grape_spot/image (689).JPG
3,3,/Users/a.villa.massone/Code/42/42_Leaffliction/images_augmented/Grape_test/Grape_spot/image (691).JPG
3,3,/Users/a.villa.massone/Code/42/42_Leaffliction/images_augmented/Grape_test/Grape_spot/image (694).JPG
3,3,/Users/a.villa.massone/Code/42/42_Leaffliction/images_augmented/Grape_test/Grape_spot/image (697).JPG
3,3,/Users/a.villa.massone/Code/42/42_Leaffliction/images_augmented/Grape_test/Grape_spot/image (698).JPG
3,3,/Users/a.villa.massone/Code/42/42_Leaffliction/images_augmented/Grape_test/Grape_spot/image (703).JPG
3,3,/Users/a.villa.massone/Code/42/42_Leaffliction/images_augmented/Grape_test/Grape_spot/image (704).JPG
3,3,/Users/a.villa.massone/Code/42/42_Leaffliction/images_augmented/Grape_test/Grape_spot/image (706).JPG
3,3,/Users/a.villa.massone/Code/42/42_Leaffliction/images_augmented/Grape_test/Grape_spot/image (714).JPG
3,3,/Users/a.villa.massone/Code/42/42_Leaffliction/images_augmented/Grape_test/Grape_spot/image (72).JPG
3,3,/Users/a.villa.massone/Code/42/42_Leaffliction/images_augmented/Grape_test/Grape_spot/image (720).JPG
3,3,/Users/a.villa.massone/Code/42/42_Leaffliction/images_augmented/Grape_test/Grape_spot/image (723).JPG
3,3,/Users/a.villa.massone/Code/42/42_Leaffliction/images_augmented/Grape_test/Grape_spot/image (732).JPG
3,3,/Users/a.villa.massone/Code/42/42_Leaffliction/images_augmented/Grape_test/Grape_spot/image (746).JPG
3,3,/Users/a.villa.massone/Code/42/42_Leaffliction/images_augmented/Grape_test/Grape_spot/image (749).JPG
3,3,/Users/a.villa.massone/Code/42/42_Leaffliction/images_augmented/Grape_test/Grape_spot/image (753).JPG
3,3,/Users/a.villa.massone/Code/42/42_Leaffliction/images_augmented/Grape_test/Grape_spot/image (756).JPG
3,3,/Users/a.villa.massone/Code/42/42_Leaffliction/images_augmented/Grape_test/Grape_spot/image (763).JPG
3,3,/Users/a.villa.massone/Code/42/42_Leaffliction/images_augmented/Grape_test/Grape_spot/image (772).JPG
3,3,/Users/a.villa.massone/Code/42/42_Leaffliction/images_augmented/Grape_test/Grape_spot/image (773).JPG
3,3,/Users/a.villa.massone/Code/42/42_Leaffliction/images_augmented/Grape_test/Grape_spot/image (775).JPG
3,3,/Users/a.villa.massone/Code/42/42_Leaffliction/images_augmented/Grape_test/Grape_spot/image (786).JPG
3,3,/Users/a.villa.massone/Code/42/42_Leaffliction/images_augmented/Grape_test/Grape_spot/image (79).JPG
3,3,/Users/a.villa.massone/Code/42/42_Leaffliction/images_augmented/Grape_test/Grape_spot/image (793).JPG
3,3,/Users/a.villa.massone/Code/42/42_Leaffliction/images_augmented/Grape_test/Grape_spot/image (799).JPG
3,3,/Users/a.villa.massone/Code/42/42_Leaffliction/images_augmented/Grape_test/Grape_spot/image (8).JPG
3,3,/Users/a.villa.massone/Code/42/42_Leaffliction/images_augmented/Grape_test/Grape_spot/image (800).JPG
3,3,/Users/a.villa.massone/Code/42/42_Leaffliction/images_augmented/Grape_test/Grape_spot/image (801).JPG
3,3,/Users/a.villa.massone/Code/42/42_Leaffliction/images_augmented/Grape_test/Grape_spot/image (81).JPG
3,3,/Users/a.villa.massone/Code/42/42_Leaffliction/images_augmented/Grape_test/Grape_spot/image (812).JPG
3,3,/Users/a.villa.massone/Code/42/42_Leaffliction/images_augmented/Grape_test/Grape_spot/image (814).JPG
3,3,/Users/a.villa.massone/Code/42/42_Leaffliction/images_augmented/Grape_test/Grape_spot/image (823).JPG
3,3,/Users/a.villa.massone/Code/42/42_Leaffliction/images_augmented/Grape_test/Grape_spot/image (825).JPG
3,3,/Users/a.villa.massone/Code/42/42_Leaffliction/images_augmented/Grape_test/Grape_spot/image (831).JPG
3,3,/Users/a.villa.massone/Code/42/42_Leaffliction/images_augmented/Grape_test/Grape_spot/image (84).JPG
3,3,/Users/a.villa.massone/Code/42/42_Leaffliction/images_augmented/Grape_test/Grape_spot/image (843).JPG
3,3,/Users/a.villa.massone/Code/42/42_Leaffliction/images_augmented/Grape_test/Grape_spot/image (845).JPG
3,3,/Users/a.villa.massone/Code/42/42_Leaffliction/images_augmented/Grape_test/Grape_spot/image (849).JPG
3,3,/Users/a.villa.massone/Code/42/42_Leaffliction/images_augmented/Grape_test/Grape_spot/image (851).JPG
3,3,/Users/a.villa.massone/Code/42/42_Leaffliction/images_augmented/Grape_test/Grape_spot/image (852).JPG
3,3,/Users/a.villa.massone/Code/42/42_Leaffliction/images_augmented/Grape_test/Grape_spot/image (858).JPG
3,3,/Users/a.villa.massone/Code/42/42_Leaffliction/images_augmented/Grape_test/Grape_spot/image (86).JPG
3,3,/Users/a.villa.massone/Code/42/42_Leaffliction/images_augmented/Grape_test/Grape_spot/image (864).JPG
3,3,/Users/a.villa.massone/Code/42/42_Leaffliction/images_augmented/Grape_test/Grape_spot/image (866).JPG
3,3,/Users/a.villa.massone/Code/42/42_Leaffliction/images_augmented/Grape_test/Grape_spot/image (87).JPG
3,3,/Users/a.villa.massone/Code/42/42_Leaffliction/images_augmented/Grape_test/Grape_spot/image (876).JPG
3,3,/Users/a.villa.massone/Code/42/42_Leaffliction/images_augmented/Grape_test/Grape_spot/image (880).JPG
3,3,/Users/a.villa.massone/Code/42/42_Leaffliction/images_augmented/Grape_test/Grape_spot/image (888).JPG
3,3,/Users/a.villa.massone/Code/42/42_Leaffliction/images_augmented/Grape_test/Grape_spot/image (906).JPG
3,3,/Users/a.villa.massone/Code/42/42_Leaffliction/images_augmented/Grape_test/Grape_spot/image (915).JPG
3,3,/Users/a.villa.massone/Code/42/42_Leaffliction/images_augmented/Grape_test/Grape_spot/image (919).JPG
3,3,/Users/a.villa.massone/Code/42/42_Leaffliction/images_augmented/Grape_test/Grape_spot/image (920).JPG
3,3,/Users/a.villa.massone/Code/42/42_Leaffliction/images_augmented/Grape_test/Grape_spot/image (925).JPG
3,3,/Users/a.villa.massone/Code/42/42_Leaffliction/images_augmented/Grape_test/Grape_spot/image (930).JPG
3,3,/Users/a.villa.massone/Code/42/42_Leaffliction/images_augmented/Grape_test/Grape_spot/image (932).JPG
3,3,/Users/a.villa.massone/Code/42/42_Leaffliction/images_augmented/Grape_test/Grape_spot/image (936).JPG
3,3,/Users/a.villa.massone/Code/42/42_Leaffliction/images_augmented/Grape_test/Grape_spot/image (937).JPG
3,3,/Users/a.villa.massone/Code/42/42_Leaffliction/images_augmented/Grape_test/Grape_spot/image (94).JPG
3,3,/Users/a.villa.massone/Code/42/42_Leaffliction/images_augmented/Grape_test/Grape_spot/image (940).JPG
3,3,/Users/a.villa.massone/Code/42/42_Leaffliction/images_augmented/Grape_test/Grape_spot/image (942).JPG
3,3,/Users/a.villa.massone/Code/42/42_Leaffliction/images_augmented/Grape_test/Grape_spot/image (944).JPG
3,3,/Users/a.villa.massone/Code/42/42_Leaffliction/images_augmented/Grape_test/Grape_spot/image (951).JPG
3,3,/Users/a.villa.massone/Code/42/42_Leaffliction/images_augmented/Grape_test/Grape_spot/image (953).JPG
3,3,/Users/a.villa.massone/Code/42/42_Leaffliction/images_augmented/Grape_test/Grape_spot/image (96).JPG
3,3,/Users/a.villa.massone/Code/42/42_Leaffliction/images_augmented/Grape_test/Grape_spot/image (968).JPG
3,3,/Users/a.villa.massone/Code/42/42_Leaffliction/images_augmented/Grape_test/Grape_spot/image (969).JPG
3,3,/Users/a.villa.massone/Code/42/42_Leaffliction/images_augmented/Grape_test/Grape_spot/image (97).JPG
3,3,/Users/a.villa.massone/Code/42/42_Leaffliction/images_augmented/Grape_test/Grape_spot/image (973).JPG
3,3,/Users/a.villa.massone/Code/42/42_Leaffliction/images_augmented/Grape_test/Grape_spot/image (978).JPG
3,3,/Users/a.villa.massone/Code/42/42_Leaffliction/images_augmented/Grape_test/Grape_spot/image (979).JPG
3,3,/Users/a.villa.massone/Code/42/42_Leaffliction/images_augmented/Grape_test/Grape_spot/image (98).JPG
3,3,/Users/a.villa.massone/Code/42/42_Leaffliction/images_augmented/Grape_test/Grape_spot/image (985).JPG
3,3,/Users/a.villa.massone/Code/42/42_Leaffliction/images_augmented/Grape_test/Grape_spot/image (986).JPG
3,3,/Users/a.villa.massone/Code/42/42_Leaffliction/images_augmented/Grape_test/Grape_spot/image (987).JPG
3,3,/Users/a.villa.massone/Code/42/42_Leaffliction/images_augmented/Grape_test/Grape_spot/image (998).JPG
3,3,/Users/a.villa.massone/Code/42/42_Leaffliction/images_augmented/Grape_test/Grape_spot/image (999).JPG
